timestamp,game,players,category
2025-03-08 00:55:21,MAIN_LOBBY,229,1
2025-03-08 00:55:21,TOURNAMENT_LOBBY,0,1
2025-03-08 00:55:21,SMP,1044,1
2025-03-08 00:55:21,MURDER_MYSTERY,303,1
2025-03-08 00:55:21,TNTGAMES,211,1
2025-03-08 00:55:21,BEDWARS,4128,1
2025-03-08 00:55:21,BATTLEGROUND,20,1
2025-03-08 00:55:21,PIT,252,1
2025-03-08 00:55:21,PROTOTYPE,405,1
2025-03-08 00:55:21,LEGACY,29,1
2025-03-08 00:55:21,WALLS3,138,1
2025-03-08 00:55:21,ARCADE,497,1
2025-03-08 00:55:21,SUPER_SMASH,26,1
2025-03-08 00:55:21,BUILD_BATTLE,493,1
2025-03-08 00:55:21,HOUSING,1223,1
2025-03-08 00:55:21,UHC,68,1
2025-03-08 00:55:21,WOOL_GAMES,158,1
2025-03-08 00:55:21,SPEED_UHC,1,1
2025-03-08 00:55:21,SURVIVAL_GAMES,38,1
2025-03-08 00:55:21,SKYBLOCK,18851,1
2025-03-08 00:55:21,MCGO,48,1
2025-03-08 00:55:21,REPLAY,36,1
2025-03-08 00:55:21,DUELS,651,1
2025-03-08 00:55:21,SKYWARS,379,1
2025-03-08 00:55:21,LIMBO,296,1
2025-03-08 00:55:21,IDLE,3148,1
2025-03-08 00:55:21,QUEUE,0,1
2025-03-08 01:04:47,MAIN_LOBBY,257,1
2025-03-08 01:04:47,TOURNAMENT_LOBBY,0,1
2025-03-08 01:04:47,SMP,1040,1
2025-03-08 01:04:47,MURDER_MYSTERY,315,1
2025-03-08 01:04:47,TNTGAMES,222,1
2025-03-08 01:04:47,BEDWARS,4099,1
2025-03-08 01:04:47,BATTLEGROUND,10,1
2025-03-08 01:04:47,PIT,262,1
2025-03-08 01:04:47,PROTOTYPE,445,1
2025-03-08 01:04:47,LEGACY,28,1
2025-03-08 01:04:47,WALLS3,143,1
2025-03-08 01:04:47,ARCADE,479,1
2025-03-08 01:04:47,SUPER_SMASH,23,1
2025-03-08 01:04:47,BUILD_BATTLE,454,1
2025-03-08 01:04:47,HOUSING,1232,1
2025-03-08 01:04:47,UHC,65,1
2025-03-08 01:04:47,WOOL_GAMES,147,1
2025-03-08 01:04:47,SPEED_UHC,0,1
2025-03-08 01:04:47,SURVIVAL_GAMES,33,1
2025-03-08 01:04:47,SKYBLOCK,18478,1
2025-03-08 01:04:47,MCGO,49,1
2025-03-08 01:04:47,REPLAY,40,1
2025-03-08 01:04:47,DUELS,612,1
2025-03-08 01:04:47,SKYWARS,387,1
2025-03-08 01:04:47,LIMBO,280,1
2025-03-08 01:04:47,IDLE,3181,1
2025-03-08 01:04:47,QUEUE,0,1
2025-03-08 01:51:12,MAIN_LOBBY,206,1
2025-03-08 01:51:12,TOURNAMENT_LOBBY,0,1
2025-03-08 01:51:12,SMP,1126,1
2025-03-08 01:51:12,MURDER_MYSTERY,317,1
2025-03-08 01:51:12,TNTGAMES,225,1
2025-03-08 01:51:12,BEDWARS,4404,1
2025-03-08 01:51:12,BATTLEGROUND,10,1
2025-03-08 01:51:12,PIT,259,1
2025-03-08 01:51:12,PROTOTYPE,472,1
2025-03-08 01:51:12,LEGACY,17,1
2025-03-08 01:51:12,WALLS3,150,1
2025-03-08 01:51:12,SUPER_SMASH,24,1
2025-03-08 01:51:12,ARCADE,507,1
2025-03-08 01:51:12,BUILD_BATTLE,453,1
2025-03-08 01:51:12,HOUSING,1263,1
2025-03-08 01:51:12,UHC,59,1
2025-03-08 01:51:12,WOOL_GAMES,158,1
2025-03-08 01:51:12,SPEED_UHC,0,1
2025-03-08 01:51:12,SURVIVAL_GAMES,15,1
2025-03-08 01:51:12,SKYBLOCK,18323,1
2025-03-08 01:51:12,MCGO,36,1
2025-03-08 01:51:12,REPLAY,43,1
2025-03-08 01:51:12,DUELS,707,1
2025-03-08 01:51:12,SKYWARS,416,1
2025-03-08 01:51:12,LIMBO,304,1
2025-03-08 01:51:12,IDLE,3111,1
2025-03-08 01:51:12,QUEUE,0,1
2025-03-08 02:24:03,MAIN_LOBBY,224,1
2025-03-08 02:24:03,TOURNAMENT_LOBBY,0,1
2025-03-08 02:24:03,SMP,1135,1
2025-03-08 02:24:03,MURDER_MYSTERY,315,1
2025-03-08 02:24:03,TNTGAMES,198,1
2025-03-08 02:24:03,BEDWARS,4465,1
2025-03-08 02:24:03,BATTLEGROUND,3,1
2025-03-08 02:24:03,PIT,243,1
2025-03-08 02:24:03,PROTOTYPE,451,1
2025-03-08 02:24:03,LEGACY,22,1
2025-03-08 02:24:03,WALLS3,166,1
2025-03-08 02:24:03,ARCADE,513,1
2025-03-08 02:24:03,SUPER_SMASH,17,1
2025-03-08 02:24:03,BUILD_BATTLE,486,1
2025-03-08 02:24:03,HOUSING,1258,1
2025-03-08 02:24:03,UHC,82,1
2025-03-08 02:24:03,WOOL_GAMES,154,1
2025-03-08 02:24:03,SPEED_UHC,0,1
2025-03-08 02:24:03,SURVIVAL_GAMES,29,1
2025-03-08 02:24:03,SKYBLOCK,18002,1
2025-03-08 02:24:03,MCGO,60,1
2025-03-08 02:24:03,REPLAY,30,1
2025-03-08 02:24:03,DUELS,668,1
2025-03-08 02:24:03,SKYWARS,446,1
2025-03-08 02:24:03,LIMBO,276,1
2025-03-08 02:24:03,IDLE,3030,1
2025-03-08 02:24:03,QUEUE,0,1
2025-03-08 03:10:27,MAIN_LOBBY,235,1
2025-03-08 03:10:27,TOURNAMENT_LOBBY,0,1
2025-03-08 03:10:27,SMP,1115,1
2025-03-08 03:10:27,MURDER_MYSTERY,342,1
2025-03-08 03:10:27,TNTGAMES,226,1
2025-03-08 03:10:27,BEDWARS,4379,1
2025-03-08 03:10:27,BATTLEGROUND,2,1
2025-03-08 03:10:27,PIT,244,1
2025-03-08 03:10:27,PROTOTYPE,508,1
2025-03-08 03:10:27,LEGACY,33,1
2025-03-08 03:10:27,WALLS3,182,1
2025-03-08 03:10:27,ARCADE,585,1
2025-03-08 03:10:27,SUPER_SMASH,10,1
2025-03-08 03:10:27,BUILD_BATTLE,465,1
2025-03-08 03:10:27,HOUSING,1260,1
2025-03-08 03:10:27,UHC,74,1
2025-03-08 03:10:27,WOOL_GAMES,143,1
2025-03-08 03:10:27,SPEED_UHC,0,1
2025-03-08 03:10:27,SURVIVAL_GAMES,47,1
2025-03-08 03:10:27,SKYBLOCK,17525,1
2025-03-08 03:10:27,MCGO,46,1
2025-03-08 03:10:27,REPLAY,23,1
2025-03-08 03:10:27,DUELS,735,1
2025-03-08 03:10:27,SKYWARS,394,1
2025-03-08 03:10:27,LIMBO,265,1
2025-03-08 03:10:27,IDLE,2917,1
2025-03-08 03:10:27,QUEUE,0,1
2025-03-08 04:10:51,MAIN_LOBBY,185,1
2025-03-08 04:10:51,TOURNAMENT_LOBBY,0,1
2025-03-08 04:10:51,SMP,1081,1
2025-03-08 04:10:51,MURDER_MYSTERY,332,1
2025-03-08 04:10:51,TNTGAMES,242,1
2025-03-08 04:10:51,BEDWARS,4418,1
2025-03-08 04:10:51,BATTLEGROUND,1,1
2025-03-08 04:10:51,PIT,197,1
2025-03-08 04:10:51,PROTOTYPE,439,1
2025-03-08 04:10:51,LEGACY,13,1
2025-03-08 04:10:51,WALLS3,147,1
2025-03-08 04:10:51,ARCADE,596,1
2025-03-08 04:10:51,SUPER_SMASH,15,1
2025-03-08 04:10:51,BUILD_BATTLE,458,1
2025-03-08 04:10:51,HOUSING,1199,1
2025-03-08 04:10:51,UHC,83,1
2025-03-08 04:10:51,WOOL_GAMES,138,1
2025-03-08 04:10:51,SPEED_UHC,0,1
2025-03-08 04:10:51,SURVIVAL_GAMES,28,1
2025-03-08 04:10:51,SKYBLOCK,16787,1
2025-03-08 04:10:51,MCGO,59,1
2025-03-08 04:10:51,REPLAY,45,1
2025-03-08 04:10:51,DUELS,650,1
2025-03-08 04:10:51,SKYWARS,370,1
2025-03-08 04:10:51,LIMBO,297,1
2025-03-08 04:10:51,IDLE,2827,1
2025-03-08 04:10:51,QUEUE,0,1
2025-03-08 05:08:54,MAIN_LOBBY,176,1
2025-03-08 05:08:54,TOURNAMENT_LOBBY,0,1
2025-03-08 05:08:54,SMP,1088,1
2025-03-08 05:08:54,MURDER_MYSTERY,314,1
2025-03-08 05:08:54,TNTGAMES,212,1
2025-03-08 05:08:54,BEDWARS,4092,1
2025-03-08 05:08:54,BATTLEGROUND,1,1
2025-03-08 05:08:54,PIT,180,1
2025-03-08 05:08:54,PROTOTYPE,428,1
2025-03-08 05:08:54,LEGACY,21,1
2025-03-08 05:08:54,WALLS3,154,1
2025-03-08 05:08:54,ARCADE,641,1
2025-03-08 05:08:54,SUPER_SMASH,11,1
2025-03-08 05:08:54,BUILD_BATTLE,510,1
2025-03-08 05:08:54,HOUSING,1120,1
2025-03-08 05:08:54,UHC,65,1
2025-03-08 05:08:54,WOOL_GAMES,116,1
2025-03-08 05:08:54,SPEED_UHC,0,1
2025-03-08 05:08:54,SURVIVAL_GAMES,42,1
2025-03-08 05:08:54,SKYBLOCK,15692,1
2025-03-08 05:08:54,MCGO,42,1
2025-03-08 05:08:54,REPLAY,46,1
2025-03-08 05:08:54,DUELS,621,1
2025-03-08 05:08:54,SKYWARS,365,1
2025-03-08 05:08:54,LIMBO,294,1
2025-03-08 05:08:54,IDLE,2802,1
2025-03-08 05:08:54,QUEUE,0,1
2025-03-08 06:12:30,MAIN_LOBBY,170,1
2025-03-08 06:12:30,TOURNAMENT_LOBBY,0,1
2025-03-08 06:12:30,SMP,980,1
2025-03-08 06:12:30,MURDER_MYSTERY,332,1
2025-03-08 06:12:30,TNTGAMES,206,1
2025-03-08 06:12:30,BEDWARS,3545,1
2025-03-08 06:12:30,BATTLEGROUND,3,1
2025-03-08 06:12:30,PIT,204,1
2025-03-08 06:12:30,PROTOTYPE,376,1
2025-03-08 06:12:30,LEGACY,7,1
2025-03-08 06:12:30,WALLS3,155,1
2025-03-08 06:12:30,ARCADE,560,1
2025-03-08 06:12:30,SUPER_SMASH,16,1
2025-03-08 06:12:30,BUILD_BATTLE,408,1
2025-03-08 06:12:30,HOUSING,1047,1
2025-03-08 06:12:30,UHC,85,1
2025-03-08 06:12:30,WOOL_GAMES,97,1
2025-03-08 06:12:30,SPEED_UHC,0,1
2025-03-08 06:12:30,SURVIVAL_GAMES,38,1
2025-03-08 06:12:30,SKYBLOCK,14723,1
2025-03-08 06:12:30,MCGO,38,1
2025-03-08 06:12:30,REPLAY,28,1
2025-03-08 06:12:30,DUELS,566,1
2025-03-08 06:12:30,SKYWARS,350,1
2025-03-08 06:12:30,LIMBO,291,1
2025-03-08 06:12:30,IDLE,2633,1
2025-03-08 06:12:30,QUEUE,0,1
2025-03-08 07:07:59,MAIN_LOBBY,172,1
2025-03-08 07:07:59,TOURNAMENT_LOBBY,0,1
2025-03-08 07:07:59,SMP,864,1
2025-03-08 07:07:59,MURDER_MYSTERY,277,1
2025-03-08 07:07:59,TNTGAMES,153,1
2025-03-08 07:07:59,BEDWARS,3212,1
2025-03-08 07:07:59,BATTLEGROUND,3,1
2025-03-08 07:07:59,PIT,215,1
2025-03-08 07:07:59,PROTOTYPE,276,1
2025-03-08 07:07:59,LEGACY,15,1
2025-03-08 07:07:59,WALLS3,148,1
2025-03-08 07:07:59,SUPER_SMASH,14,1
2025-03-08 07:07:59,ARCADE,430,1
2025-03-08 07:07:59,BUILD_BATTLE,336,1
2025-03-08 07:07:59,HOUSING,1001,1
2025-03-08 07:07:59,UHC,103,1
2025-03-08 07:07:59,WOOL_GAMES,78,1
2025-03-08 07:07:59,SPEED_UHC,0,1
2025-03-08 07:07:59,SURVIVAL_GAMES,23,1
2025-03-08 07:07:59,SKYBLOCK,14240,1
2025-03-08 07:07:59,MCGO,28,1
2025-03-08 07:07:59,REPLAY,21,1
2025-03-08 07:07:59,DUELS,469,1
2025-03-08 07:07:59,SKYWARS,304,1
2025-03-08 07:07:59,LIMBO,267,1
2025-03-08 07:07:59,IDLE,2672,1
2025-03-08 07:07:59,QUEUE,0,1
2025-03-08 08:10:40,MAIN_LOBBY,171,1
2025-03-08 08:10:40,TOURNAMENT_LOBBY,0,1
2025-03-08 08:10:40,SMP,672,1
2025-03-08 08:10:40,MURDER_MYSTERY,294,1
2025-03-08 08:10:40,TNTGAMES,168,1
2025-03-08 08:10:40,BEDWARS,3239,1
2025-03-08 08:10:40,BATTLEGROUND,2,1
2025-03-08 08:10:40,PIT,180,1
2025-03-08 08:10:40,PROTOTYPE,270,1
2025-03-08 08:10:40,LEGACY,5,1
2025-03-08 08:10:40,WALLS3,141,1
2025-03-08 08:10:40,ARCADE,384,1
2025-03-08 08:10:40,SUPER_SMASH,12,1
2025-03-08 08:10:40,BUILD_BATTLE,268,1
2025-03-08 08:10:40,HOUSING,936,1
2025-03-08 08:10:40,UHC,91,1
2025-03-08 08:10:40,WOOL_GAMES,98,1
2025-03-08 08:10:40,SPEED_UHC,1,1
2025-03-08 08:10:40,SURVIVAL_GAMES,37,1
2025-03-08 08:10:40,SKYBLOCK,14648,1
2025-03-08 08:10:40,MCGO,29,1
2025-03-08 08:10:40,REPLAY,28,1
2025-03-08 08:10:40,DUELS,428,1
2025-03-08 08:10:40,SKYWARS,283,1
2025-03-08 08:10:40,LIMBO,311,1
2025-03-08 08:10:40,IDLE,2616,1
2025-03-08 08:10:40,QUEUE,0,1
2025-03-08 09:09:24,MAIN_LOBBY,200,1
2025-03-08 09:09:24,TOURNAMENT_LOBBY,0,1
2025-03-08 09:09:24,SMP,567,1
2025-03-08 09:09:24,MURDER_MYSTERY,262,1
2025-03-08 09:09:24,TNTGAMES,145,1
2025-03-08 09:09:24,BEDWARS,3202,1
2025-03-08 09:09:24,BATTLEGROUND,2,1
2025-03-08 09:09:24,PIT,188,1
2025-03-08 09:09:24,PROTOTYPE,323,1
2025-03-08 09:09:24,LEGACY,5,1
2025-03-08 09:09:24,WALLS3,132,1
2025-03-08 09:09:24,SUPER_SMASH,3,1
2025-03-08 09:09:24,ARCADE,394,1
2025-03-08 09:09:24,BUILD_BATTLE,251,1
2025-03-08 09:09:24,HOUSING,907,1
2025-03-08 09:09:24,UHC,68,1
2025-03-08 09:09:24,WOOL_GAMES,87,1
2025-03-08 09:09:24,SPEED_UHC,6,1
2025-03-08 09:09:24,SURVIVAL_GAMES,30,1
2025-03-08 09:09:24,SKYBLOCK,15594,1
2025-03-08 09:09:24,MCGO,34,1
2025-03-08 09:09:24,REPLAY,34,1
2025-03-08 09:09:24,DUELS,471,1
2025-03-08 09:09:24,SKYWARS,259,1
2025-03-08 09:09:24,LIMBO,336,1
2025-03-08 09:09:24,IDLE,2841,1
2025-03-08 09:09:24,QUEUE,0,1
2025-03-08 10:09:25,MAIN_LOBBY,180,1
2025-03-08 10:09:25,TOURNAMENT_LOBBY,0,1
2025-03-08 10:09:25,SMP,569,1
2025-03-08 10:09:25,MURDER_MYSTERY,287,1
2025-03-08 10:09:25,TNTGAMES,158,1
2025-03-08 10:09:25,BEDWARS,3349,1
2025-03-08 10:09:25,BATTLEGROUND,1,1
2025-03-08 10:09:25,PIT,204,1
2025-03-08 10:09:25,PROTOTYPE,296,1
2025-03-08 10:09:25,LEGACY,12,1
2025-03-08 10:09:25,WALLS3,117,1
2025-03-08 10:09:25,ARCADE,339,1
2025-03-08 10:09:25,SUPER_SMASH,4,1
2025-03-08 10:09:25,BUILD_BATTLE,297,1
2025-03-08 10:09:25,HOUSING,921,1
2025-03-08 10:09:25,UHC,98,1
2025-03-08 10:09:25,WOOL_GAMES,98,1
2025-03-08 10:09:25,SPEED_UHC,0,1
2025-03-08 10:09:25,SURVIVAL_GAMES,25,1
2025-03-08 10:09:25,SKYBLOCK,17075,1
2025-03-08 10:09:25,MCGO,34,1
2025-03-08 10:09:25,REPLAY,27,1
2025-03-08 10:09:25,DUELS,459,1
2025-03-08 10:09:25,SKYWARS,228,1
2025-03-08 10:09:25,LIMBO,362,1
2025-03-08 10:09:25,IDLE,3194,1
2025-03-08 10:09:25,QUEUE,0,1
2025-03-08 11:08:00,MAIN_LOBBY,193,1
2025-03-08 11:08:00,TOURNAMENT_LOBBY,0,1
2025-03-08 11:08:00,SMP,565,1
2025-03-08 11:08:00,MURDER_MYSTERY,282,1
2025-03-08 11:08:00,TNTGAMES,189,1
2025-03-08 11:08:00,BEDWARS,3699,1
2025-03-08 11:08:00,BATTLEGROUND,4,1
2025-03-08 11:08:00,PIT,205,1
2025-03-08 11:08:00,PROTOTYPE,369,1
2025-03-08 11:08:00,LEGACY,14,1
2025-03-08 11:08:00,WALLS3,135,1
2025-03-08 11:08:00,ARCADE,396,1
2025-03-08 11:08:00,SUPER_SMASH,7,1
2025-03-08 11:08:00,BUILD_BATTLE,341,1
2025-03-08 11:08:00,HOUSING,960,1
2025-03-08 11:08:00,UHC,92,1
2025-03-08 11:08:00,WOOL_GAMES,102,1
2025-03-08 11:08:00,SPEED_UHC,0,1
2025-03-08 11:08:00,SURVIVAL_GAMES,33,1
2025-03-08 11:08:00,SKYBLOCK,18080,1
2025-03-08 11:08:00,MCGO,21,1
2025-03-08 11:08:00,REPLAY,34,1
2025-03-08 11:08:00,DUELS,535,1
2025-03-08 11:08:00,SKYWARS,248,1
2025-03-08 11:08:00,LIMBO,343,1
2025-03-08 11:08:00,IDLE,3453,1
2025-03-08 11:08:00,QUEUE,0,1
2025-03-08 12:14:37,MAIN_LOBBY,218,1
2025-03-08 12:14:37,TOURNAMENT_LOBBY,0,1
2025-03-08 12:14:37,SMP,630,1
2025-03-08 12:14:37,MURDER_MYSTERY,387,1
2025-03-08 12:14:37,TNTGAMES,186,1
2025-03-08 12:14:37,BEDWARS,4042,1
2025-03-08 12:14:37,BATTLEGROUND,5,1
2025-03-08 12:14:37,PIT,219,1
2025-03-08 12:14:37,PROTOTYPE,355,1
2025-03-08 12:14:37,LEGACY,13,1
2025-03-08 12:14:37,WALLS3,138,1
2025-03-08 12:14:37,ARCADE,476,1
2025-03-08 12:14:37,SUPER_SMASH,7,1
2025-03-08 12:14:37,BUILD_BATTLE,393,1
2025-03-08 12:14:37,HOUSING,997,1
2025-03-08 12:14:37,UHC,95,1
2025-03-08 12:14:37,WOOL_GAMES,90,1
2025-03-08 12:14:37,SPEED_UHC,0,1
2025-03-08 12:14:37,SURVIVAL_GAMES,34,1
2025-03-08 12:14:37,SKYBLOCK,19117,1
2025-03-08 12:14:37,MCGO,22,1
2025-03-08 12:14:37,REPLAY,33,1
2025-03-08 12:14:37,DUELS,580,1
2025-03-08 12:14:37,SKYWARS,327,1
2025-03-08 12:14:37,LIMBO,387,1
2025-03-08 12:14:37,IDLE,3498,1
2025-03-08 12:14:37,QUEUE,0,1
2025-03-08 13:09:48,MAIN_LOBBY,222,1
2025-03-08 13:09:48,TOURNAMENT_LOBBY,0,1
2025-03-08 13:09:48,SMP,632,1
2025-03-08 13:09:48,MURDER_MYSTERY,453,1
2025-03-08 13:09:48,TNTGAMES,193,1
2025-03-08 13:09:48,BEDWARS,4384,1
2025-03-08 13:09:48,BATTLEGROUND,5,1
2025-03-08 13:09:48,PIT,236,1
2025-03-08 13:09:48,PROTOTYPE,353,1
2025-03-08 13:09:48,LEGACY,30,1
2025-03-08 13:09:48,WALLS3,220,1
2025-03-08 13:09:48,ARCADE,567,1
2025-03-08 13:09:48,SUPER_SMASH,10,1
2025-03-08 13:09:48,BUILD_BATTLE,402,1
2025-03-08 13:09:48,HOUSING,1075,1
2025-03-08 13:09:48,UHC,117,1
2025-03-08 13:09:48,WOOL_GAMES,120,1
2025-03-08 13:09:48,SPEED_UHC,2,1
2025-03-08 13:09:48,SURVIVAL_GAMES,39,1
2025-03-08 13:09:48,SKYBLOCK,20407,1
2025-03-08 13:09:48,MCGO,40,1
2025-03-08 13:09:48,REPLAY,29,1
2025-03-08 13:09:48,DUELS,621,1
2025-03-08 13:09:48,SKYWARS,376,1
2025-03-08 13:09:48,LIMBO,365,1
2025-03-08 13:09:48,IDLE,3533,1
2025-03-08 13:09:48,QUEUE,0,1
2025-03-08 14:07:34,MAIN_LOBBY,268,1
2025-03-08 14:07:34,TOURNAMENT_LOBBY,0,1
2025-03-08 14:07:34,SMP,755,1
2025-03-08 14:07:34,MURDER_MYSTERY,471,1
2025-03-08 14:07:34,TNTGAMES,184,1
2025-03-08 14:07:34,BEDWARS,4606,1
2025-03-08 14:07:34,BATTLEGROUND,8,1
2025-03-08 14:07:34,PIT,269,1
2025-03-08 14:07:34,PROTOTYPE,403,1
2025-03-08 14:07:34,LEGACY,20,1
2025-03-08 14:07:34,WALLS3,232,1
2025-03-08 14:07:34,ARCADE,667,1
2025-03-08 14:07:34,SUPER_SMASH,7,1
2025-03-08 14:07:34,BUILD_BATTLE,507,1
2025-03-08 14:07:34,HOUSING,1093,1
2025-03-08 14:07:34,UHC,103,1
2025-03-08 14:07:34,WOOL_GAMES,130,1
2025-03-08 14:07:34,SPEED_UHC,1,1
2025-03-08 14:07:34,SURVIVAL_GAMES,49,1
2025-03-08 14:07:34,SKYBLOCK,21673,1
2025-03-08 14:07:34,MCGO,49,1
2025-03-08 14:07:34,REPLAY,36,1
2025-03-08 14:07:34,DUELS,584,1
2025-03-08 14:07:34,SKYWARS,386,1
2025-03-08 14:07:34,LIMBO,416,1
2025-03-08 14:07:34,IDLE,3551,1
2025-03-08 14:07:34,QUEUE,0,1
2025-03-08 15:08:04,MAIN_LOBBY,248,1
2025-03-08 15:08:04,TOURNAMENT_LOBBY,0,1
2025-03-08 15:08:04,SMP,770,1
2025-03-08 15:08:04,MURDER_MYSTERY,485,1
2025-03-08 15:08:04,TNTGAMES,222,1
2025-03-08 15:08:04,BEDWARS,4770,1
2025-03-08 15:08:04,BATTLEGROUND,3,1
2025-03-08 15:08:04,PIT,249,1
2025-03-08 15:08:04,PROTOTYPE,486,1
2025-03-08 15:08:04,LEGACY,30,1
2025-03-08 15:08:04,WALLS3,187,1
2025-03-08 15:08:04,ARCADE,658,1
2025-03-08 15:08:04,SUPER_SMASH,4,1
2025-03-08 15:08:04,BUILD_BATTLE,494,1
2025-03-08 15:08:04,HOUSING,1198,1
2025-03-08 15:08:04,UHC,91,1
2025-03-08 15:08:04,WOOL_GAMES,156,1
2025-03-08 15:08:04,SPEED_UHC,1,1
2025-03-08 15:08:04,SURVIVAL_GAMES,48,1
2025-03-08 15:08:04,SKYBLOCK,22637,1
2025-03-08 15:08:04,MCGO,45,1
2025-03-08 15:08:04,REPLAY,48,1
2025-03-08 15:08:04,DUELS,653,1
2025-03-08 15:08:04,SKYWARS,399,1
2025-03-08 15:08:04,LIMBO,486,1
2025-03-08 15:08:04,IDLE,3594,1
2025-03-08 15:08:04,QUEUE,0,1
2025-03-08 16:10:40,MAIN_LOBBY,282,1
2025-03-08 16:10:40,TOURNAMENT_LOBBY,0,1
2025-03-08 16:10:40,SMP,911,1
2025-03-08 16:10:40,MURDER_MYSTERY,527,1
2025-03-08 16:10:40,TNTGAMES,222,1
2025-03-08 16:10:40,BEDWARS,5099,1
2025-03-08 16:10:40,BATTLEGROUND,29,1
2025-03-08 16:10:40,PIT,274,1
2025-03-08 16:10:40,PROTOTYPE,489,1
2025-03-08 16:10:40,LEGACY,44,1
2025-03-08 16:10:40,WALLS3,163,1
2025-03-08 16:10:40,ARCADE,640,1
2025-03-08 16:10:40,SUPER_SMASH,17,1
2025-03-08 16:10:40,BUILD_BATTLE,521,1
2025-03-08 16:10:40,HOUSING,1240,1
2025-03-08 16:10:40,UHC,102,1
2025-03-08 16:10:40,WOOL_GAMES,173,1
2025-03-08 16:10:40,SPEED_UHC,1,1
2025-03-08 16:10:40,SURVIVAL_GAMES,57,1
2025-03-08 16:10:40,SKYBLOCK,24267,1
2025-03-08 16:10:40,MCGO,33,1
2025-03-08 16:10:40,REPLAY,41,1
2025-03-08 16:10:40,DUELS,703,1
2025-03-08 16:10:40,SKYWARS,392,1
2025-03-08 16:10:40,LIMBO,395,1
2025-03-08 16:10:40,IDLE,3594,1
2025-03-08 16:10:40,QUEUE,0,1
2025-03-08 17:08:15,MAIN_LOBBY,268,1
2025-03-08 17:08:15,TOURNAMENT_LOBBY,0,1
2025-03-08 17:08:15,SMP,1017,1
2025-03-08 17:08:15,MURDER_MYSTERY,490,1
2025-03-08 17:08:15,TNTGAMES,260,1
2025-03-08 17:08:15,BEDWARS,5381,1
2025-03-08 17:08:15,BATTLEGROUND,37,1
2025-03-08 17:08:15,PIT,256,1
2025-03-08 17:08:15,PROTOTYPE,538,1
2025-03-08 17:08:15,LEGACY,62,1
2025-03-08 17:08:15,WALLS3,182,1
2025-03-08 17:08:15,ARCADE,639,1
2025-03-08 17:08:15,SUPER_SMASH,18,1
2025-03-08 17:08:15,BUILD_BATTLE,642,1
2025-03-08 17:08:15,HOUSING,1309,1
2025-03-08 17:08:15,UHC,92,1
2025-03-08 17:08:15,WOOL_GAMES,189,1
2025-03-08 17:08:15,SPEED_UHC,3,1
2025-03-08 17:08:15,SURVIVAL_GAMES,50,1
2025-03-08 17:08:15,SKYBLOCK,25227,1
2025-03-08 17:08:15,MCGO,66,1
2025-03-08 17:08:15,REPLAY,54,1
2025-03-08 17:08:15,DUELS,793,1
2025-03-08 17:08:15,SKYWARS,406,1
2025-03-08 17:08:15,LIMBO,421,1
2025-03-08 17:08:15,IDLE,3645,1
2025-03-08 17:08:15,QUEUE,0,1
2025-03-08 18:11:29,MAIN_LOBBY,266,1
2025-03-08 18:11:29,TOURNAMENT_LOBBY,0,1
2025-03-08 18:11:29,SMP,1044,1
2025-03-08 18:11:29,MURDER_MYSTERY,500,1
2025-03-08 18:11:29,TNTGAMES,314,1
2025-03-08 18:11:29,BEDWARS,5752,1
2025-03-08 18:11:29,BATTLEGROUND,35,1
2025-03-08 18:11:29,PIT,288,1
2025-03-08 18:11:29,PROTOTYPE,645,1
2025-03-08 18:11:29,LEGACY,56,1
2025-03-08 18:11:29,WALLS3,150,1
2025-03-08 18:11:29,ARCADE,650,1
2025-03-08 18:11:29,SUPER_SMASH,4,1
2025-03-08 18:11:29,BUILD_BATTLE,637,1
2025-03-08 18:11:29,HOUSING,1424,1
2025-03-08 18:11:29,UHC,115,1
2025-03-08 18:11:29,WOOL_GAMES,177,1
2025-03-08 18:11:29,SPEED_UHC,1,1
2025-03-08 18:11:29,SURVIVAL_GAMES,66,1
2025-03-08 18:11:29,SKYBLOCK,25865,1
2025-03-08 18:11:29,MCGO,56,1
2025-03-08 18:11:29,REPLAY,38,1
2025-03-08 18:11:29,DUELS,819,1
2025-03-08 18:11:29,SKYWARS,499,1
2025-03-08 18:11:29,LIMBO,414,1
2025-03-08 18:11:29,IDLE,3817,1
2025-03-08 18:11:29,QUEUE,0,1
2025-03-08 19:08:33,MAIN_LOBBY,302,1
2025-03-08 19:08:33,TOURNAMENT_LOBBY,0,1
2025-03-08 19:08:33,SMP,1229,1
2025-03-08 19:08:33,MURDER_MYSTERY,535,1
2025-03-08 19:08:33,TNTGAMES,267,1
2025-03-08 19:08:33,BEDWARS,6160,1
2025-03-08 19:08:33,BATTLEGROUND,48,1
2025-03-08 19:08:33,PIT,293,1
2025-03-08 19:08:33,PROTOTYPE,661,1
2025-03-08 19:08:33,LEGACY,56,1
2025-03-08 19:08:33,WALLS3,165,1
2025-03-08 19:08:33,ARCADE,759,1
2025-03-08 19:08:33,SUPER_SMASH,13,1
2025-03-08 19:08:33,BUILD_BATTLE,808,1
2025-03-08 19:08:33,HOUSING,1465,1
2025-03-08 19:08:33,UHC,104,1
2025-03-08 19:08:33,WOOL_GAMES,200,1
2025-03-08 19:08:33,SPEED_UHC,0,1
2025-03-08 19:08:33,SURVIVAL_GAMES,67,1
2025-03-08 19:08:33,SKYBLOCK,26372,1
2025-03-08 19:08:33,MCGO,41,1
2025-03-08 19:08:33,REPLAY,46,1
2025-03-08 19:08:33,DUELS,888,1
2025-03-08 19:08:33,SKYWARS,499,1
2025-03-08 19:08:33,LIMBO,408,1
2025-03-08 19:08:33,IDLE,3914,1
2025-03-08 19:08:33,QUEUE,0,1
2025-03-08 20:08:29,MAIN_LOBBY,279,1
2025-03-08 20:08:29,TOURNAMENT_LOBBY,0,1
2025-03-08 20:08:29,SMP,1383,1
2025-03-08 20:08:29,MURDER_MYSTERY,607,1
2025-03-08 20:08:29,TNTGAMES,322,1
2025-03-08 20:08:29,BEDWARS,6640,1
2025-03-08 20:08:29,BATTLEGROUND,35,1
2025-03-08 20:08:29,PIT,274,1
2025-03-08 20:08:29,PROTOTYPE,693,1
2025-03-08 20:08:29,LEGACY,43,1
2025-03-08 20:08:29,WALLS3,140,1
2025-03-08 20:08:29,ARCADE,808,1
2025-03-08 20:08:29,SUPER_SMASH,15,1
2025-03-08 20:08:29,BUILD_BATTLE,872,1
2025-03-08 20:08:29,HOUSING,1470,1
2025-03-08 20:08:29,UHC,101,1
2025-03-08 20:08:29,WOOL_GAMES,185,1
2025-03-08 20:08:29,SPEED_UHC,1,1
2025-03-08 20:08:29,SURVIVAL_GAMES,52,1
2025-03-08 20:08:29,SKYBLOCK,26975,1
2025-03-08 20:08:29,MCGO,53,1
2025-03-08 20:08:29,REPLAY,52,1
2025-03-08 20:08:29,DUELS,961,1
2025-03-08 20:08:29,SKYWARS,563,1
2025-03-08 20:08:29,LIMBO,436,1
2025-03-08 20:08:29,IDLE,4049,1
2025-03-08 20:08:29,QUEUE,0,1
2025-03-08 21:08:28,MAIN_LOBBY,291,1
2025-03-08 21:08:28,TOURNAMENT_LOBBY,0,1
2025-03-08 21:08:28,SMP,1397,1
2025-03-08 21:08:28,MURDER_MYSTERY,579,1
2025-03-08 21:08:28,TNTGAMES,350,1
2025-03-08 21:08:28,BEDWARS,6539,1
2025-03-08 21:08:28,BATTLEGROUND,25,1
2025-03-08 21:08:28,PIT,298,1
2025-03-08 21:08:28,PROTOTYPE,612,1
2025-03-08 21:08:28,LEGACY,48,1
2025-03-08 21:08:28,WALLS3,155,1
2025-03-08 21:08:28,ARCADE,870,1
2025-03-08 21:08:28,SUPER_SMASH,16,1
2025-03-08 21:08:28,BUILD_BATTLE,991,1
2025-03-08 21:08:28,HOUSING,1525,1
2025-03-08 21:08:28,UHC,92,1
2025-03-08 21:08:28,WOOL_GAMES,232,1
2025-03-08 21:08:28,SPEED_UHC,0,1
2025-03-08 21:08:28,SURVIVAL_GAMES,54,1
2025-03-08 21:08:28,SKYBLOCK,26684,1
2025-03-08 21:08:28,MCGO,50,1
2025-03-08 21:08:28,REPLAY,72,1
2025-03-08 21:08:28,DUELS,958,1
2025-03-08 21:08:28,SKYWARS,510,1
2025-03-08 21:08:28,LIMBO,406,1
2025-03-08 21:08:28,IDLE,3867,1
2025-03-08 21:08:28,QUEUE,0,1
2025-03-08 22:08:24,MAIN_LOBBY,265,1
2025-03-08 22:08:24,TOURNAMENT_LOBBY,0,1
2025-03-08 22:08:24,SMP,1439,1
2025-03-08 22:08:24,MURDER_MYSTERY,481,1
2025-03-08 22:08:24,TNTGAMES,317,1
2025-03-08 22:08:24,BEDWARS,6269,1
2025-03-08 22:08:24,BATTLEGROUND,16,1
2025-03-08 22:08:24,PIT,312,1
2025-03-08 22:08:24,PROTOTYPE,586,1
2025-03-08 22:08:24,LEGACY,70,1
2025-03-08 22:08:24,WALLS3,157,1
2025-03-08 22:08:24,ARCADE,806,1
2025-03-08 22:08:24,SUPER_SMASH,9,1
2025-03-08 22:08:24,BUILD_BATTLE,971,1
2025-03-08 22:08:24,HOUSING,1530,1
2025-03-08 22:08:24,UHC,101,1
2025-03-08 22:08:24,WOOL_GAMES,170,1
2025-03-08 22:08:24,SPEED_UHC,5,1
2025-03-08 22:08:24,SURVIVAL_GAMES,43,1
2025-03-08 22:08:24,SKYBLOCK,25697,1
2025-03-08 22:08:24,MCGO,49,1
2025-03-08 22:08:24,REPLAY,54,1
2025-03-08 22:08:24,DUELS,833,1
2025-03-08 22:08:24,SKYWARS,537,1
2025-03-08 22:08:24,LIMBO,399,1
2025-03-08 22:08:24,IDLE,3631,1
2025-03-08 22:08:24,QUEUE,0,1
2025-03-08 23:09:32,MAIN_LOBBY,250,1
2025-03-08 23:09:32,TOURNAMENT_LOBBY,0,1
2025-03-08 23:09:32,SMP,1300,1
2025-03-08 23:09:32,MURDER_MYSTERY,429,1
2025-03-08 23:09:32,TNTGAMES,263,1
2025-03-08 23:09:32,BEDWARS,5066,1
2025-03-08 23:09:32,BATTLEGROUND,22,1
2025-03-08 23:09:32,PIT,262,1
2025-03-08 23:09:32,PROTOTYPE,593,1
2025-03-08 23:09:32,LEGACY,36,1
2025-03-08 23:09:32,WALLS3,165,1
2025-03-08 23:09:32,SUPER_SMASH,22,1
2025-03-08 23:09:32,ARCADE,681,1
2025-03-08 23:09:32,BUILD_BATTLE,791,1
2025-03-08 23:09:32,HOUSING,1469,1
2025-03-08 23:09:32,UHC,78,1
2025-03-08 23:09:32,WOOL_GAMES,180,1
2025-03-08 23:09:32,SPEED_UHC,1,1
2025-03-08 23:09:32,SURVIVAL_GAMES,79,1
2025-03-08 23:09:32,SKYBLOCK,23518,1
2025-03-08 23:09:32,MCGO,48,1
2025-03-08 23:09:32,REPLAY,57,1
2025-03-08 23:09:32,DUELS,724,1
2025-03-08 23:09:32,SKYWARS,506,1
2025-03-08 23:09:32,LIMBO,324,1
2025-03-08 23:09:32,IDLE,3547,1
2025-03-08 23:09:32,QUEUE,0,1
2025-03-09 00:45:10,MAIN_LOBBY,221,1
2025-03-09 00:45:10,TOURNAMENT_LOBBY,0,1
2025-03-09 00:45:10,SMP,1250,1
2025-03-09 00:45:10,MURDER_MYSTERY,347,1
2025-03-09 00:45:10,TNTGAMES,242,1
2025-03-09 00:45:10,BEDWARS,4295,1
2025-03-09 00:45:10,BATTLEGROUND,25,1
2025-03-09 00:45:10,PIT,261,1
2025-03-09 00:45:10,PROTOTYPE,484,1
2025-03-09 00:45:10,LEGACY,26,1
2025-03-09 00:45:10,WALLS3,138,1
2025-03-09 00:45:10,ARCADE,613,1
2025-03-09 00:45:10,SUPER_SMASH,32,1
2025-03-09 00:45:10,BUILD_BATTLE,535,1
2025-03-09 00:45:10,HOUSING,1392,1
2025-03-09 00:45:10,UHC,81,1
2025-03-09 00:45:10,WOOL_GAMES,169,1
2025-03-09 00:45:10,SPEED_UHC,0,1
2025-03-09 00:45:10,SURVIVAL_GAMES,56,1
2025-03-09 00:45:10,SKYBLOCK,20617,1
2025-03-09 00:45:10,MCGO,50,1
2025-03-09 00:45:10,REPLAY,34,1
2025-03-09 00:45:10,DUELS,620,1
2025-03-09 00:45:10,SKYWARS,449,1
2025-03-09 00:45:10,LIMBO,343,1
2025-03-09 00:45:10,IDLE,3281,1
2025-03-09 00:45:10,QUEUE,0,1
2025-03-09 01:57:40,MAIN_LOBBY,174,1
2025-03-09 01:57:40,TOURNAMENT_LOBBY,0,1
2025-03-09 01:57:40,SMP,1269,1
2025-03-09 01:57:40,MURDER_MYSTERY,320,1
2025-03-09 01:57:40,TNTGAMES,218,1
2025-03-09 01:57:40,BEDWARS,4360,1
2025-03-09 01:57:40,BATTLEGROUND,39,1
2025-03-09 01:57:40,PIT,254,1
2025-03-09 01:57:40,PROTOTYPE,562,1
2025-03-09 01:57:40,LEGACY,16,1
2025-03-09 01:57:40,WALLS3,139,1
2025-03-09 01:57:40,ARCADE,598,1
2025-03-09 01:57:40,SUPER_SMASH,27,1
2025-03-09 01:57:40,BUILD_BATTLE,490,1
2025-03-09 01:57:40,HOUSING,1364,1
2025-03-09 01:57:40,UHC,95,1
2025-03-09 01:57:40,WOOL_GAMES,157,1
2025-03-09 01:57:40,SPEED_UHC,0,1
2025-03-09 01:57:40,SURVIVAL_GAMES,33,1
2025-03-09 01:57:40,SKYBLOCK,18898,1
2025-03-09 01:57:40,MCGO,39,1
2025-03-09 01:57:40,REPLAY,32,1
2025-03-09 01:57:40,DUELS,677,1
2025-03-09 01:57:40,SKYWARS,466,1
2025-03-09 01:57:40,LIMBO,355,1
2025-03-09 01:57:40,IDLE,3292,1
2025-03-09 01:57:40,QUEUE,0,1
2025-03-09 02:30:37,MAIN_LOBBY,204,1
2025-03-09 02:30:37,TOURNAMENT_LOBBY,0,1
2025-03-09 02:30:37,SMP,1281,1
2025-03-09 02:30:37,MURDER_MYSTERY,336,1
2025-03-09 02:30:37,TNTGAMES,215,1
2025-03-09 02:30:37,BEDWARS,4311,1
2025-03-09 02:30:37,BATTLEGROUND,40,1
2025-03-09 02:30:37,PIT,253,1
2025-03-09 02:30:37,PROTOTYPE,478,1
2025-03-09 02:30:37,LEGACY,41,1
2025-03-09 02:30:37,WALLS3,126,1
2025-03-09 02:30:37,SUPER_SMASH,15,1
2025-03-09 02:30:37,ARCADE,580,1
2025-03-09 02:30:37,BUILD_BATTLE,546,1
2025-03-09 02:30:37,HOUSING,1353,1
2025-03-09 02:30:37,UHC,74,1
2025-03-09 02:30:37,WOOL_GAMES,179,1
2025-03-09 02:30:37,SPEED_UHC,0,1
2025-03-09 02:30:37,SURVIVAL_GAMES,22,1
2025-03-09 02:30:37,SKYBLOCK,18463,1
2025-03-09 02:30:37,MCGO,32,1
2025-03-09 02:30:37,REPLAY,21,1
2025-03-09 02:30:37,DUELS,695,1
2025-03-09 02:30:37,SKYWARS,460,1
2025-03-09 02:30:37,LIMBO,366,1
2025-03-09 02:30:37,IDLE,3291,1
2025-03-09 02:30:37,QUEUE,0,1
2025-03-09 03:10:35,MAIN_LOBBY,206,1
2025-03-09 03:10:35,TOURNAMENT_LOBBY,0,1
2025-03-09 03:10:35,SMP,1303,1
2025-03-09 03:10:35,MURDER_MYSTERY,357,1
2025-03-09 03:10:35,TNTGAMES,232,1
2025-03-09 03:10:35,BEDWARS,4590,1
2025-03-09 03:10:35,BATTLEGROUND,26,1
2025-03-09 03:10:35,PIT,224,1
2025-03-09 03:10:35,PROTOTYPE,473,1
2025-03-09 03:10:35,LEGACY,41,1
2025-03-09 03:10:35,WALLS3,151,1
2025-03-09 03:10:35,SUPER_SMASH,18,1
2025-03-09 03:10:35,ARCADE,550,1
2025-03-09 03:10:35,BUILD_BATTLE,547,1
2025-03-09 03:10:35,HOUSING,1336,1
2025-03-09 03:10:35,UHC,80,1
2025-03-09 03:10:35,WOOL_GAMES,160,1
2025-03-09 03:10:35,SPEED_UHC,0,1
2025-03-09 03:10:35,SURVIVAL_GAMES,26,1
2025-03-09 03:10:35,SKYBLOCK,18015,1
2025-03-09 03:10:35,MCGO,41,1
2025-03-09 03:10:35,REPLAY,49,1
2025-03-09 03:10:35,DUELS,658,1
2025-03-09 03:10:35,SKYWARS,462,1
2025-03-09 03:10:35,LIMBO,372,1
2025-03-09 03:10:35,IDLE,3201,1
2025-03-09 03:10:35,QUEUE,0,1
2025-03-09 04:10:22,MAIN_LOBBY,173,1
2025-03-09 04:10:22,TOURNAMENT_LOBBY,0,1
2025-03-09 04:10:22,SMP,1253,1
2025-03-09 04:10:22,MURDER_MYSTERY,375,1
2025-03-09 04:10:22,TNTGAMES,211,1
2025-03-09 04:10:22,BEDWARS,4458,1
2025-03-09 04:10:22,BATTLEGROUND,4,1
2025-03-09 04:10:22,PIT,214,1
2025-03-09 04:10:22,PROTOTYPE,460,1
2025-03-09 04:10:22,LEGACY,43,1
2025-03-09 04:10:22,WALLS3,169,1
2025-03-09 04:10:22,SUPER_SMASH,22,1
2025-03-09 04:10:22,ARCADE,707,1
2025-03-09 04:10:22,BUILD_BATTLE,577,1
2025-03-09 04:10:22,HOUSING,1296,1
2025-03-09 04:10:22,UHC,78,1
2025-03-09 04:10:22,WOOL_GAMES,177,1
2025-03-09 04:10:22,SPEED_UHC,0,1
2025-03-09 04:10:22,SURVIVAL_GAMES,24,1
2025-03-09 04:10:22,SKYBLOCK,17467,1
2025-03-09 04:10:22,MCGO,44,1
2025-03-09 04:10:22,REPLAY,30,1
2025-03-09 04:10:22,DUELS,585,1
2025-03-09 04:10:22,SKYWARS,429,1
2025-03-09 04:10:22,LIMBO,312,1
2025-03-09 04:10:22,IDLE,3068,1
2025-03-09 04:10:22,QUEUE,0,1
2025-03-09 05:08:23,MAIN_LOBBY,196,1
2025-03-09 05:08:23,TOURNAMENT_LOBBY,0,1
2025-03-09 05:08:23,SMP,1192,1
2025-03-09 05:08:23,MURDER_MYSTERY,351,1
2025-03-09 05:08:23,TNTGAMES,213,1
2025-03-09 05:08:23,BEDWARS,4043,1
2025-03-09 05:08:23,BATTLEGROUND,4,1
2025-03-09 05:08:23,PIT,211,1
2025-03-09 05:08:23,PROTOTYPE,435,1
2025-03-09 05:08:23,LEGACY,21,1
2025-03-09 05:08:23,WALLS3,184,1
2025-03-09 05:08:23,SUPER_SMASH,12,1
2025-03-09 05:08:23,ARCADE,621,1
2025-03-09 05:08:23,BUILD_BATTLE,555,1
2025-03-09 05:08:23,HOUSING,1249,1
2025-03-09 05:08:23,UHC,56,1
2025-03-09 05:08:23,WOOL_GAMES,142,1
2025-03-09 05:08:23,SPEED_UHC,0,1
2025-03-09 05:08:23,SURVIVAL_GAMES,25,1
2025-03-09 05:08:23,SKYBLOCK,16542,1
2025-03-09 05:08:23,MCGO,43,1
2025-03-09 05:08:23,REPLAY,24,1
2025-03-09 05:08:23,DUELS,537,1
2025-03-09 05:08:23,SKYWARS,383,1
2025-03-09 05:08:23,LIMBO,316,1
2025-03-09 05:08:23,IDLE,3001,1
2025-03-09 05:08:23,QUEUE,0,1
2025-03-09 06:12:00,MAIN_LOBBY,212,1
2025-03-09 06:12:00,TOURNAMENT_LOBBY,0,1
2025-03-09 06:12:00,SMP,351,1
2025-03-09 06:12:00,MURDER_MYSTERY,119,1
2025-03-09 06:12:00,TNTGAMES,100,1
2025-03-09 06:12:00,BEDWARS,1975,1
2025-03-09 06:12:00,BATTLEGROUND,3,1
2025-03-09 06:12:00,PIT,107,1
2025-03-09 06:12:00,PROTOTYPE,192,1
2025-03-09 06:12:00,LEGACY,3,1
2025-03-09 06:12:00,WALLS3,82,1
2025-03-09 06:12:00,SUPER_SMASH,4,1
2025-03-09 06:12:00,ARCADE,219,1
2025-03-09 06:12:00,BUILD_BATTLE,152,1
2025-03-09 06:12:00,HOUSING,559,1
2025-03-09 06:12:00,UHC,34,1
2025-03-09 06:12:00,WOOL_GAMES,14,1
2025-03-09 06:12:00,SPEED_UHC,0,1
2025-03-09 06:12:00,SURVIVAL_GAMES,11,1
2025-03-09 06:12:00,SKYBLOCK,7789,1
2025-03-09 06:12:00,MCGO,18,1
2025-03-09 06:12:00,REPLAY,9,1
2025-03-09 06:12:00,DUELS,299,1
2025-03-09 06:12:00,SKYWARS,190,1
2025-03-09 06:12:00,LIMBO,124,1
2025-03-09 06:12:00,IDLE,398,1
2025-03-09 06:12:00,QUEUE,0,1
2025-03-09 07:08:39,MAIN_LOBBY,177,1
2025-03-09 07:08:39,TOURNAMENT_LOBBY,0,1
2025-03-09 07:08:39,SMP,635,1
2025-03-09 07:08:39,MURDER_MYSTERY,288,1
2025-03-09 07:08:39,TNTGAMES,157,1
2025-03-09 07:08:39,BEDWARS,3351,1
2025-03-09 07:08:39,BATTLEGROUND,4,1
2025-03-09 07:08:39,PIT,175,1
2025-03-09 07:08:39,PROTOTYPE,280,1
2025-03-09 07:08:39,LEGACY,8,1
2025-03-09 07:08:39,WALLS3,148,1
2025-03-09 07:08:39,ARCADE,482,1
2025-03-09 07:08:39,SUPER_SMASH,13,1
2025-03-09 07:08:39,BUILD_BATTLE,340,1
2025-03-09 07:08:39,HOUSING,811,1
2025-03-09 07:08:39,UHC,78,1
2025-03-09 07:08:39,WOOL_GAMES,52,1
2025-03-09 07:08:39,SPEED_UHC,0,1
2025-03-09 07:08:39,SURVIVAL_GAMES,29,1
2025-03-09 07:08:39,SKYBLOCK,13247,1
2025-03-09 07:08:39,MCGO,27,1
2025-03-09 07:08:39,REPLAY,31,1
2025-03-09 07:08:39,DUELS,429,1
2025-03-09 07:08:39,SKYWARS,317,1
2025-03-09 07:08:39,LIMBO,144,1
2025-03-09 07:08:39,IDLE,818,1
2025-03-09 07:08:39,QUEUE,0,1
2025-03-09 08:11:43,MAIN_LOBBY,158,1
2025-03-09 08:11:43,TOURNAMENT_LOBBY,0,1
2025-03-09 08:11:43,SMP,682,1
2025-03-09 08:11:43,MURDER_MYSTERY,324,1
2025-03-09 08:11:43,TNTGAMES,147,1
2025-03-09 08:11:43,BEDWARS,3100,1
2025-03-09 08:11:43,BATTLEGROUND,1,1
2025-03-09 08:11:43,PIT,202,1
2025-03-09 08:11:43,PROTOTYPE,284,1
2025-03-09 08:11:43,LEGACY,12,1
2025-03-09 08:11:43,WALLS3,160,1
2025-03-09 08:11:43,ARCADE,425,1
2025-03-09 08:11:43,SUPER_SMASH,5,1
2025-03-09 08:11:43,BUILD_BATTLE,311,1
2025-03-09 08:11:43,HOUSING,844,1
2025-03-09 08:11:43,UHC,99,1
2025-03-09 08:11:43,WOOL_GAMES,84,1
2025-03-09 08:11:43,SPEED_UHC,3,1
2025-03-09 08:11:43,SURVIVAL_GAMES,15,1
2025-03-09 08:11:43,SKYBLOCK,15176,1
2025-03-09 08:11:43,MCGO,19,1
2025-03-09 08:11:43,REPLAY,25,1
2025-03-09 08:11:43,DUELS,415,1
2025-03-09 08:11:43,SKYWARS,243,1
2025-03-09 08:11:43,LIMBO,198,1
2025-03-09 08:11:43,IDLE,1032,1
2025-03-09 08:11:43,QUEUE,0,1
2025-03-09 09:08:22,MAIN_LOBBY,201,1
2025-03-09 09:08:22,TOURNAMENT_LOBBY,0,1
2025-03-09 09:08:22,SMP,609,1
2025-03-09 09:08:22,MURDER_MYSTERY,268,1
2025-03-09 09:08:22,TNTGAMES,195,1
2025-03-09 09:08:22,BEDWARS,3213,1
2025-03-09 09:08:22,BATTLEGROUND,2,1
2025-03-09 09:08:22,PIT,185,1
2025-03-09 09:08:22,PROTOTYPE,301,1
2025-03-09 09:08:22,LEGACY,9,1
2025-03-09 09:08:22,WALLS3,155,1
2025-03-09 09:08:22,ARCADE,426,1
2025-03-09 09:08:22,SUPER_SMASH,5,1
2025-03-09 09:08:22,BUILD_BATTLE,307,1
2025-03-09 09:08:22,HOUSING,836,1
2025-03-09 09:08:22,UHC,99,1
2025-03-09 09:08:22,WOOL_GAMES,99,1
2025-03-09 09:08:22,SPEED_UHC,0,1
2025-03-09 09:08:22,SURVIVAL_GAMES,21,1
2025-03-09 09:08:22,SKYBLOCK,16086,1
2025-03-09 09:08:22,MCGO,35,1
2025-03-09 09:08:22,REPLAY,28,1
2025-03-09 09:08:22,DUELS,504,1
2025-03-09 09:08:22,SKYWARS,210,1
2025-03-09 09:08:22,LIMBO,212,1
2025-03-09 09:08:22,IDLE,1327,1
2025-03-09 09:08:22,QUEUE,0,1
2025-03-09 10:09:05,MAIN_LOBBY,156,1
2025-03-09 10:09:05,TOURNAMENT_LOBBY,0,1
2025-03-09 10:09:05,SMP,547,1
2025-03-09 10:09:05,MURDER_MYSTERY,300,1
2025-03-09 10:09:05,TNTGAMES,170,1
2025-03-09 10:09:05,BEDWARS,3356,1
2025-03-09 10:09:05,BATTLEGROUND,3,1
2025-03-09 10:09:05,PIT,230,1
2025-03-09 10:09:05,PROTOTYPE,281,1
2025-03-09 10:09:05,LEGACY,8,1
2025-03-09 10:09:05,WALLS3,135,1
2025-03-09 10:09:05,ARCADE,409,1
2025-03-09 10:09:05,SUPER_SMASH,4,1
2025-03-09 10:09:05,BUILD_BATTLE,303,1
2025-03-09 10:09:05,HOUSING,931,1
2025-03-09 10:09:05,UHC,88,1
2025-03-09 10:09:05,WOOL_GAMES,92,1
2025-03-09 10:09:05,SPEED_UHC,0,1
2025-03-09 10:09:05,SURVIVAL_GAMES,22,1
2025-03-09 10:09:05,SKYBLOCK,17982,1
2025-03-09 10:09:05,MCGO,19,1
2025-03-09 10:09:05,REPLAY,33,1
2025-03-09 10:09:05,DUELS,457,1
2025-03-09 10:09:05,SKYWARS,260,1
2025-03-09 10:09:05,LIMBO,244,1
2025-03-09 10:09:05,IDLE,1563,1
2025-03-09 10:09:05,QUEUE,0,1
2025-03-09 11:07:36,MAIN_LOBBY,176,1
2025-03-09 11:07:36,TOURNAMENT_LOBBY,0,1
2025-03-09 11:07:36,SMP,587,1
2025-03-09 11:07:36,MURDER_MYSTERY,298,1
2025-03-09 11:07:36,TNTGAMES,147,1
2025-03-09 11:07:36,BEDWARS,3586,1
2025-03-09 11:07:36,BATTLEGROUND,1,1
2025-03-09 11:07:36,PIT,245,1
2025-03-09 11:07:36,PROTOTYPE,312,1
2025-03-09 11:07:36,LEGACY,15,1
2025-03-09 11:07:36,WALLS3,95,1
2025-03-09 11:07:36,ARCADE,432,1
2025-03-09 11:07:36,SUPER_SMASH,5,1
2025-03-09 11:07:36,BUILD_BATTLE,341,1
2025-03-09 11:07:36,HOUSING,914,1
2025-03-09 11:07:36,UHC,84,1
2025-03-09 11:07:36,WOOL_GAMES,93,1
2025-03-09 11:07:36,SPEED_UHC,0,1
2025-03-09 11:07:36,SURVIVAL_GAMES,47,1
2025-03-09 11:07:36,SKYBLOCK,19219,1
2025-03-09 11:07:36,MCGO,33,1
2025-03-09 11:07:36,REPLAY,31,1
2025-03-09 11:07:36,DUELS,457,1
2025-03-09 11:07:36,SKYWARS,264,1
2025-03-09 11:07:36,LIMBO,284,1
2025-03-09 11:07:36,IDLE,1873,1
2025-03-09 11:07:36,QUEUE,0,1
2025-03-09 12:14:50,MAIN_LOBBY,221,1
2025-03-09 12:14:50,TOURNAMENT_LOBBY,0,1
2025-03-09 12:14:50,SMP,647,1
2025-03-09 12:14:50,MURDER_MYSTERY,324,1
2025-03-09 12:14:50,TNTGAMES,183,1
2025-03-09 12:14:50,BEDWARS,3912,1
2025-03-09 12:14:50,BATTLEGROUND,14,1
2025-03-09 12:14:50,PIT,214,1
2025-03-09 12:14:50,PROTOTYPE,351,1
2025-03-09 12:14:50,LEGACY,16,1
2025-03-09 12:14:50,WALLS3,135,1
2025-03-09 12:14:50,ARCADE,497,1
2025-03-09 12:14:50,SUPER_SMASH,2,1
2025-03-09 12:14:50,BUILD_BATTLE,389,1
2025-03-09 12:14:50,HOUSING,1048,1
2025-03-09 12:14:50,UHC,87,1
2025-03-09 12:14:50,WOOL_GAMES,150,1
2025-03-09 12:14:50,SPEED_UHC,0,1
2025-03-09 12:14:50,SURVIVAL_GAMES,47,1
2025-03-09 12:14:50,SKYBLOCK,20619,1
2025-03-09 12:14:50,MCGO,32,1
2025-03-09 12:14:50,REPLAY,39,1
2025-03-09 12:14:50,DUELS,527,1
2025-03-09 12:14:50,SKYWARS,354,1
2025-03-09 12:14:50,LIMBO,309,1
2025-03-09 12:14:50,IDLE,2146,1
2025-03-09 12:14:50,QUEUE,0,1
2025-03-09 13:09:45,MAIN_LOBBY,213,1
2025-03-09 13:09:45,TOURNAMENT_LOBBY,0,1
2025-03-09 13:09:45,SMP,655,1
2025-03-09 13:09:45,MURDER_MYSTERY,423,1
2025-03-09 13:09:45,TNTGAMES,209,1
2025-03-09 13:09:45,BEDWARS,4163,1
2025-03-09 13:09:45,BATTLEGROUND,4,1
2025-03-09 13:09:45,PIT,257,1
2025-03-09 13:09:45,PROTOTYPE,368,1
2025-03-09 13:09:45,LEGACY,25,1
2025-03-09 13:09:45,WALLS3,150,1
2025-03-09 13:09:45,ARCADE,573,1
2025-03-09 13:09:45,SUPER_SMASH,9,1
2025-03-09 13:09:45,BUILD_BATTLE,471,1
2025-03-09 13:09:45,HOUSING,1070,1
2025-03-09 13:09:45,UHC,92,1
2025-03-09 13:09:45,WOOL_GAMES,128,1
2025-03-09 13:09:45,SPEED_UHC,0,1
2025-03-09 13:09:45,SURVIVAL_GAMES,51,1
2025-03-09 13:09:45,SKYBLOCK,22111,1
2025-03-09 13:09:45,MCGO,32,1
2025-03-09 13:09:45,REPLAY,34,1
2025-03-09 13:09:45,DUELS,567,1
2025-03-09 13:09:45,SKYWARS,386,1
2025-03-09 13:09:45,LIMBO,278,1
2025-03-09 13:09:45,IDLE,2256,1
2025-03-09 13:09:45,QUEUE,0,1
2025-03-09 14:08:23,MAIN_LOBBY,224,1
2025-03-09 14:08:23,TOURNAMENT_LOBBY,0,1
2025-03-09 14:08:23,SMP,726,1
2025-03-09 14:08:23,MURDER_MYSTERY,421,1
2025-03-09 14:08:23,TNTGAMES,181,1
2025-03-09 14:08:23,BEDWARS,4417,1
2025-03-09 14:08:23,BATTLEGROUND,2,1
2025-03-09 14:08:23,PIT,257,1
2025-03-09 14:08:23,PROTOTYPE,414,1
2025-03-09 14:08:23,LEGACY,39,1
2025-03-09 14:08:23,WALLS3,170,1
2025-03-09 14:08:23,ARCADE,523,1
2025-03-09 14:08:23,SUPER_SMASH,13,1
2025-03-09 14:08:23,BUILD_BATTLE,560,1
2025-03-09 14:08:23,HOUSING,1131,1
2025-03-09 14:08:23,UHC,105,1
2025-03-09 14:08:23,WOOL_GAMES,152,1
2025-03-09 14:08:23,SPEED_UHC,0,1
2025-03-09 14:08:23,SURVIVAL_GAMES,39,1
2025-03-09 14:08:23,SKYBLOCK,23467,1
2025-03-09 14:08:23,MCGO,34,1
2025-03-09 14:08:23,REPLAY,32,1
2025-03-09 14:08:23,DUELS,577,1
2025-03-09 14:08:23,SKYWARS,387,1
2025-03-09 14:08:23,LIMBO,310,1
2025-03-09 14:08:23,IDLE,2355,1
2025-03-09 14:08:23,QUEUE,0,1
2025-03-09 15:08:51,MAIN_LOBBY,263,1
2025-03-09 15:08:51,TOURNAMENT_LOBBY,0,1
2025-03-09 15:08:51,SMP,644,1
2025-03-09 15:08:51,MURDER_MYSTERY,384,1
2025-03-09 15:08:51,TNTGAMES,199,1
2025-03-09 15:08:51,BEDWARS,4172,1
2025-03-09 15:08:51,BATTLEGROUND,20,1
2025-03-09 15:08:51,PIT,225,1
2025-03-09 15:08:51,PROTOTYPE,398,1
2025-03-09 15:08:51,LEGACY,33,1
2025-03-09 15:08:51,WALLS3,131,1
2025-03-09 15:08:51,ARCADE,484,1
2025-03-09 15:08:51,SUPER_SMASH,10,1
2025-03-09 15:08:51,BUILD_BATTLE,486,1
2025-03-09 15:08:51,HOUSING,1067,1
2025-03-09 15:08:51,UHC,91,1
2025-03-09 15:08:51,WOOL_GAMES,147,1
2025-03-09 15:08:51,SPEED_UHC,0,1
2025-03-09 15:08:51,SURVIVAL_GAMES,38,1
2025-03-09 15:08:51,SKYBLOCK,21067,1
2025-03-09 15:08:51,MCGO,46,1
2025-03-09 15:08:51,REPLAY,33,1
2025-03-09 15:08:51,DUELS,590,1
2025-03-09 15:08:51,SKYWARS,354,1
2025-03-09 15:08:51,LIMBO,254,1
2025-03-09 15:08:51,IDLE,964,1
2025-03-09 15:08:51,QUEUE,0,1
2025-03-09 16:10:17,MAIN_LOBBY,214,1
2025-03-09 16:10:17,TOURNAMENT_LOBBY,0,1
2025-03-09 16:10:17,SMP,860,1
2025-03-09 16:10:17,MURDER_MYSTERY,415,1
2025-03-09 16:10:17,TNTGAMES,255,1
2025-03-09 16:10:17,BEDWARS,5182,1
2025-03-09 16:10:17,BATTLEGROUND,31,1
2025-03-09 16:10:17,PIT,322,1
2025-03-09 16:10:17,PROTOTYPE,463,1
2025-03-09 16:10:17,LEGACY,38,1
2025-03-09 16:10:17,WALLS3,115,1
2025-03-09 16:10:17,ARCADE,609,1
2025-03-09 16:10:17,SUPER_SMASH,20,1
2025-03-09 16:10:17,BUILD_BATTLE,570,1
2025-03-09 16:10:17,HOUSING,1228,1
2025-03-09 16:10:17,UHC,96,1
2025-03-09 16:10:17,WOOL_GAMES,196,1
2025-03-09 16:10:17,SPEED_UHC,1,1
2025-03-09 16:10:17,SURVIVAL_GAMES,30,1
2025-03-09 16:10:17,SKYBLOCK,24992,1
2025-03-09 16:10:17,MCGO,58,1
2025-03-09 16:10:17,REPLAY,35,1
2025-03-09 16:10:17,DUELS,675,1
2025-03-09 16:10:17,SKYWARS,422,1
2025-03-09 16:10:17,LIMBO,330,1
2025-03-09 16:10:17,IDLE,1631,1
2025-03-09 16:10:17,QUEUE,0,1
2025-03-09 17:07:37,MAIN_LOBBY,248,1
2025-03-09 17:07:37,TOURNAMENT_LOBBY,0,1
2025-03-09 17:07:37,SMP,1002,1
2025-03-09 17:07:37,MURDER_MYSTERY,493,1
2025-03-09 17:07:37,TNTGAMES,254,1
2025-03-09 17:07:37,BEDWARS,5743,1
2025-03-09 17:07:37,BATTLEGROUND,23,1
2025-03-09 17:07:37,PIT,268,1
2025-03-09 17:07:37,PROTOTYPE,566,1
2025-03-09 17:07:37,LEGACY,42,1
2025-03-09 17:07:37,WALLS3,106,1
2025-03-09 17:07:37,ARCADE,650,1
2025-03-09 17:07:37,SUPER_SMASH,29,1
2025-03-09 17:07:37,BUILD_BATTLE,670,1
2025-03-09 17:07:37,HOUSING,1383,1
2025-03-09 17:07:37,UHC,100,1
2025-03-09 17:07:37,WOOL_GAMES,232,1
2025-03-09 17:07:37,SPEED_UHC,6,1
2025-03-09 17:07:37,SURVIVAL_GAMES,64,1
2025-03-09 17:07:37,SKYBLOCK,26503,1
2025-03-09 17:07:37,MCGO,28,1
2025-03-09 17:07:37,REPLAY,46,1
2025-03-09 17:07:37,DUELS,770,1
2025-03-09 17:07:37,SKYWARS,495,1
2025-03-09 17:07:37,LIMBO,373,1
2025-03-09 17:07:37,IDLE,2245,1
2025-03-09 17:07:37,QUEUE,0,1
2025-03-09 18:10:50,MAIN_LOBBY,244,1
2025-03-09 18:10:50,TOURNAMENT_LOBBY,0,1
2025-03-09 18:10:50,SMP,1226,1
2025-03-09 18:10:50,MURDER_MYSTERY,472,1
2025-03-09 18:10:50,TNTGAMES,286,1
2025-03-09 18:10:50,BEDWARS,6107,1
2025-03-09 18:10:50,BATTLEGROUND,5,1
2025-03-09 18:10:50,PIT,300,1
2025-03-09 18:10:50,PROTOTYPE,608,1
2025-03-09 18:10:50,LEGACY,36,1
2025-03-09 18:10:50,WALLS3,111,1
2025-03-09 18:10:50,SUPER_SMASH,18,1
2025-03-09 18:10:50,ARCADE,685,1
2025-03-09 18:10:50,BUILD_BATTLE,783,1
2025-03-09 18:10:50,HOUSING,1492,1
2025-03-09 18:10:50,UHC,97,1
2025-03-09 18:10:50,WOOL_GAMES,216,1
2025-03-09 18:10:50,SPEED_UHC,0,1
2025-03-09 18:10:50,SURVIVAL_GAMES,56,1
2025-03-09 18:10:50,SKYBLOCK,27420,1
2025-03-09 18:10:50,MCGO,54,1
2025-03-09 18:10:50,REPLAY,60,1
2025-03-09 18:10:50,DUELS,820,1
2025-03-09 18:10:50,SKYWARS,542,1
2025-03-09 18:10:50,LIMBO,351,1
2025-03-09 18:10:50,IDLE,2826,1
2025-03-09 18:10:50,QUEUE,0,1
2025-03-09 19:06:31,MAIN_LOBBY,321,1
2025-03-09 19:06:31,TOURNAMENT_LOBBY,0,1
2025-03-09 19:06:31,SMP,1352,1
2025-03-09 19:06:31,MURDER_MYSTERY,524,1
2025-03-09 19:06:31,TNTGAMES,318,1
2025-03-09 19:06:31,BEDWARS,6435,1
2025-03-09 19:06:31,BATTLEGROUND,12,1
2025-03-09 19:06:31,PIT,307,1
2025-03-09 19:06:31,PROTOTYPE,720,1
2025-03-09 19:06:31,LEGACY,37,1
2025-03-09 19:06:31,WALLS3,150,1
2025-03-09 19:06:31,ARCADE,735,1
2025-03-09 19:06:31,SUPER_SMASH,9,1
2025-03-09 19:06:31,BUILD_BATTLE,880,1
2025-03-09 19:06:31,HOUSING,1601,1
2025-03-09 19:06:31,UHC,67,1
2025-03-09 19:06:31,WOOL_GAMES,229,1
2025-03-09 19:06:31,SPEED_UHC,0,1
2025-03-09 19:06:31,SURVIVAL_GAMES,52,1
2025-03-09 19:06:31,SKYBLOCK,28008,1
2025-03-09 19:06:31,MCGO,37,1
2025-03-09 19:06:31,REPLAY,49,1
2025-03-09 19:06:31,DUELS,849,1
2025-03-09 19:06:31,SKYWARS,560,1
2025-03-09 19:06:31,LIMBO,466,1
2025-03-09 19:06:31,IDLE,3037,1
2025-03-09 19:06:31,QUEUE,0,1
2025-03-09 20:09:03,MAIN_LOBBY,308,1
2025-03-09 20:09:03,TOURNAMENT_LOBBY,0,1
2025-03-09 20:09:03,SMP,1468,1
2025-03-09 20:09:03,MURDER_MYSTERY,572,1
2025-03-09 20:09:03,TNTGAMES,312,1
2025-03-09 20:09:03,BEDWARS,6514,1
2025-03-09 20:09:03,BATTLEGROUND,17,1
2025-03-09 20:09:03,PIT,314,1
2025-03-09 20:09:03,PROTOTYPE,644,1
2025-03-09 20:09:03,LEGACY,71,1
2025-03-09 20:09:03,WALLS3,177,1
2025-03-09 20:09:03,ARCADE,748,1
2025-03-09 20:09:03,SUPER_SMASH,22,1
2025-03-09 20:09:03,BUILD_BATTLE,915,1
2025-03-09 20:09:03,HOUSING,1524,1
2025-03-09 20:09:03,UHC,53,1
2025-03-09 20:09:03,WOOL_GAMES,200,1
2025-03-09 20:09:03,SPEED_UHC,0,1
2025-03-09 20:09:03,SURVIVAL_GAMES,62,1
2025-03-09 20:09:03,SKYBLOCK,27621,1
2025-03-09 20:09:03,MCGO,66,1
2025-03-09 20:09:03,REPLAY,62,1
2025-03-09 20:09:03,DUELS,806,1
2025-03-09 20:09:03,SKYWARS,574,1
2025-03-09 20:09:03,LIMBO,409,1
2025-03-09 20:09:03,IDLE,2974,1
2025-03-09 20:09:03,QUEUE,0,1
2025-03-09 21:09:09,MAIN_LOBBY,259,1
2025-03-09 21:09:09,TOURNAMENT_LOBBY,0,1
2025-03-09 21:09:09,SMP,1395,1
2025-03-09 21:09:09,MURDER_MYSTERY,499,1
2025-03-09 21:09:09,TNTGAMES,316,1
2025-03-09 21:09:09,BEDWARS,5578,1
2025-03-09 21:09:09,BATTLEGROUND,25,1
2025-03-09 21:09:09,PIT,323,1
2025-03-09 21:09:09,PROTOTYPE,586,1
2025-03-09 21:09:09,LEGACY,39,1
2025-03-09 21:09:09,WALLS3,157,1
2025-03-09 21:09:09,ARCADE,718,1
2025-03-09 21:09:09,SUPER_SMASH,15,1
2025-03-09 21:09:09,BUILD_BATTLE,787,1
2025-03-09 21:09:09,HOUSING,1488,1
2025-03-09 21:09:09,UHC,60,1
2025-03-09 21:09:09,WOOL_GAMES,187,1
2025-03-09 21:09:09,SPEED_UHC,0,1
2025-03-09 21:09:09,SURVIVAL_GAMES,48,1
2025-03-09 21:09:09,SKYBLOCK,26087,1
2025-03-09 21:09:09,MCGO,53,1
2025-03-09 21:09:09,REPLAY,57,1
2025-03-09 21:09:09,DUELS,778,1
2025-03-09 21:09:09,SKYWARS,511,1
2025-03-09 21:09:09,LIMBO,446,1
2025-03-09 21:09:09,IDLE,2669,1
2025-03-09 21:09:09,QUEUE,0,1
2025-03-09 22:08:36,MAIN_LOBBY,290,1
2025-03-09 22:08:36,TOURNAMENT_LOBBY,0,1
2025-03-09 22:08:36,SMP,1341,1
2025-03-09 22:08:36,MURDER_MYSTERY,422,1
2025-03-09 22:08:36,TNTGAMES,274,1
2025-03-09 22:08:36,BEDWARS,4773,1
2025-03-09 22:08:36,BATTLEGROUND,18,1
2025-03-09 22:08:36,PIT,258,1
2025-03-09 22:08:36,PROTOTYPE,539,1
2025-03-09 22:08:36,LEGACY,32,1
2025-03-09 22:08:36,WALLS3,158,1
2025-03-09 22:08:36,ARCADE,588,1
2025-03-09 22:08:36,SUPER_SMASH,10,1
2025-03-09 22:08:36,BUILD_BATTLE,629,1
2025-03-09 22:08:36,HOUSING,1508,1
2025-03-09 22:08:36,UHC,25,1
2025-03-09 22:08:36,WOOL_GAMES,159,1
2025-03-09 22:08:36,SPEED_UHC,0,1
2025-03-09 22:08:36,SURVIVAL_GAMES,54,1
2025-03-09 22:08:36,SKYBLOCK,23405,1
2025-03-09 22:08:36,MCGO,51,1
2025-03-09 22:08:36,REPLAY,47,1
2025-03-09 22:08:36,DUELS,630,1
2025-03-09 22:08:36,SKYWARS,471,1
2025-03-09 22:08:36,LIMBO,396,1
2025-03-09 22:08:36,IDLE,2655,1
2025-03-09 22:08:36,QUEUE,0,1
2025-03-09 23:08:33,MAIN_LOBBY,234,1
2025-03-09 23:08:33,TOURNAMENT_LOBBY,0,1
2025-03-09 23:08:33,SMP,1284,1
2025-03-09 23:08:33,MURDER_MYSTERY,308,1
2025-03-09 23:08:33,TNTGAMES,222,1
2025-03-09 23:08:33,BEDWARS,4002,1
2025-03-09 23:08:33,BATTLEGROUND,14,1
2025-03-09 23:08:33,PIT,255,1
2025-03-09 23:08:33,PROTOTYPE,466,1
2025-03-09 23:08:33,LEGACY,26,1
2025-03-09 23:08:33,WALLS3,140,1
2025-03-09 23:08:33,ARCADE,541,1
2025-03-09 23:08:33,SUPER_SMASH,11,1
2025-03-09 23:08:33,BUILD_BATTLE,466,1
2025-03-09 23:08:33,HOUSING,1450,1
2025-03-09 23:08:33,UHC,33,1
2025-03-09 23:08:33,WOOL_GAMES,136,1
2025-03-09 23:08:33,SPEED_UHC,0,1
2025-03-09 23:08:33,SURVIVAL_GAMES,50,1
2025-03-09 23:08:33,SKYBLOCK,20613,1
2025-03-09 23:08:33,MCGO,46,1
2025-03-09 23:08:33,REPLAY,34,1
2025-03-09 23:08:33,DUELS,549,1
2025-03-09 23:08:33,SKYWARS,473,1
2025-03-09 23:08:33,LIMBO,309,1
2025-03-09 23:08:33,IDLE,2702,1
2025-03-09 23:08:33,QUEUE,0,1
2025-03-10 00:43:45,MAIN_LOBBY,231,1
2025-03-10 00:43:45,TOURNAMENT_LOBBY,0,1
2025-03-10 00:43:45,SMP,1237,1
2025-03-10 00:43:45,MURDER_MYSTERY,305,1
2025-03-10 00:43:45,TNTGAMES,211,1
2025-03-10 00:43:45,BEDWARS,3914,1
2025-03-10 00:43:45,BATTLEGROUND,7,1
2025-03-10 00:43:45,PIT,243,1
2025-03-10 00:43:45,PROTOTYPE,413,1
2025-03-10 00:43:45,LEGACY,16,1
2025-03-10 00:43:45,WALLS3,101,1
2025-03-10 00:43:45,ARCADE,466,1
2025-03-10 00:43:45,SUPER_SMASH,9,1
2025-03-10 00:43:45,BUILD_BATTLE,397,1
2025-03-10 00:43:45,HOUSING,1418,1
2025-03-10 00:43:45,UHC,41,1
2025-03-10 00:43:45,WOOL_GAMES,133,1
2025-03-10 00:43:45,SPEED_UHC,0,1
2025-03-10 00:43:45,SURVIVAL_GAMES,40,1
2025-03-10 00:43:45,SKYBLOCK,18570,1
2025-03-10 00:43:45,MCGO,34,1
2025-03-10 00:43:45,REPLAY,31,1
2025-03-10 00:43:45,DUELS,547,1
2025-03-10 00:43:45,SKYWARS,401,1
2025-03-10 00:43:45,LIMBO,271,1
2025-03-10 00:43:45,IDLE,2507,1
2025-03-10 00:43:45,QUEUE,0,1
2025-03-10 01:59:25,MAIN_LOBBY,176,1
2025-03-10 01:59:25,TOURNAMENT_LOBBY,0,1
2025-03-10 01:59:25,SMP,1245,1
2025-03-10 01:59:25,MURDER_MYSTERY,289,1
2025-03-10 01:59:25,TNTGAMES,180,1
2025-03-10 01:59:25,BEDWARS,3612,1
2025-03-10 01:59:25,BATTLEGROUND,2,1
2025-03-10 01:59:25,PIT,230,1
2025-03-10 01:59:25,PROTOTYPE,444,1
2025-03-10 01:59:25,LEGACY,6,1
2025-03-10 01:59:25,WALLS3,126,1
2025-03-10 01:59:25,ARCADE,445,1
2025-03-10 01:59:25,SUPER_SMASH,14,1
2025-03-10 01:59:25,BUILD_BATTLE,392,1
2025-03-10 01:59:25,HOUSING,1363,1
2025-03-10 01:59:25,UHC,43,1
2025-03-10 01:59:25,WOOL_GAMES,164,1
2025-03-10 01:59:25,SPEED_UHC,0,1
2025-03-10 01:59:25,SURVIVAL_GAMES,34,1
2025-03-10 01:59:25,SKYBLOCK,16701,1
2025-03-10 01:59:25,MCGO,55,1
2025-03-10 01:59:25,REPLAY,48,1
2025-03-10 01:59:25,DUELS,509,1
2025-03-10 01:59:25,SKYWARS,392,1
2025-03-10 01:59:25,LIMBO,299,1
2025-03-10 01:59:25,IDLE,2577,1
2025-03-10 01:59:25,QUEUE,0,1
2025-03-10 02:33:39,MAIN_LOBBY,163,1
2025-03-10 02:33:39,TOURNAMENT_LOBBY,0,1
2025-03-10 02:33:39,SMP,1180,1
2025-03-10 02:33:39,MURDER_MYSTERY,239,1
2025-03-10 02:33:39,TNTGAMES,166,1
2025-03-10 02:33:39,BEDWARS,3300,1
2025-03-10 02:33:39,BATTLEGROUND,2,1
2025-03-10 02:33:39,PIT,216,1
2025-03-10 02:33:39,PROTOTYPE,391,1
2025-03-10 02:33:39,LEGACY,13,1
2025-03-10 02:33:39,WALLS3,135,1
2025-03-10 02:33:39,ARCADE,524,1
2025-03-10 02:33:39,SUPER_SMASH,19,1
2025-03-10 02:33:39,BUILD_BATTLE,378,1
2025-03-10 02:33:39,HOUSING,1251,1
2025-03-10 02:33:39,UHC,56,1
2025-03-10 02:33:39,WOOL_GAMES,153,1
2025-03-10 02:33:39,SPEED_UHC,0,1
2025-03-10 02:33:39,SURVIVAL_GAMES,34,1
2025-03-10 02:33:39,SKYBLOCK,15743,1
2025-03-10 02:33:39,MCGO,39,1
2025-03-10 02:33:39,REPLAY,36,1
2025-03-10 02:33:39,DUELS,505,1
2025-03-10 02:33:39,SKYWARS,357,1
2025-03-10 02:33:39,LIMBO,290,1
2025-03-10 02:33:39,IDLE,2464,1
2025-03-10 02:33:39,QUEUE,0,1
2025-03-10 04:11:23,MAIN_LOBBY,136,1
2025-03-10 04:11:23,TOURNAMENT_LOBBY,0,1
2025-03-10 04:11:23,SMP,781,1
2025-03-10 04:11:23,MURDER_MYSTERY,199,1
2025-03-10 04:11:23,TNTGAMES,155,1
2025-03-10 04:11:23,BEDWARS,2540,1
2025-03-10 04:11:23,BATTLEGROUND,1,1
2025-03-10 04:11:23,PIT,161,1
2025-03-10 04:11:23,PROTOTYPE,283,1
2025-03-10 04:11:23,LEGACY,2,1
2025-03-10 04:11:23,WALLS3,83,1
2025-03-10 04:11:23,ARCADE,340,1
2025-03-10 04:11:23,SUPER_SMASH,18,1
2025-03-10 04:11:23,BUILD_BATTLE,335,1
2025-03-10 04:11:23,HOUSING,867,1
2025-03-10 04:11:23,UHC,23,1
2025-03-10 04:11:23,WOOL_GAMES,86,1
2025-03-10 04:11:23,SPEED_UHC,0,1
2025-03-10 04:11:23,SURVIVAL_GAMES,8,1
2025-03-10 04:11:23,SKYBLOCK,11526,1
2025-03-10 04:11:23,MCGO,18,1
2025-03-10 04:11:23,REPLAY,25,1
2025-03-10 04:11:23,DUELS,367,1
2025-03-10 04:11:23,SKYWARS,248,1
2025-03-10 04:11:23,LIMBO,173,1
2025-03-10 04:11:23,IDLE,697,1
2025-03-10 04:11:23,QUEUE,0,1
2025-03-10 05:09:47,MAIN_LOBBY,142,1
2025-03-10 05:09:47,TOURNAMENT_LOBBY,0,1
2025-03-10 05:09:47,SMP,714,1
2025-03-10 05:09:47,MURDER_MYSTERY,191,1
2025-03-10 05:09:47,TNTGAMES,143,1
2025-03-10 05:09:47,BEDWARS,1974,1
2025-03-10 05:09:47,BATTLEGROUND,1,1
2025-03-10 05:09:47,PIT,159,1
2025-03-10 05:09:47,PROTOTYPE,254,1
2025-03-10 05:09:47,LEGACY,5,1
2025-03-10 05:09:47,WALLS3,53,1
2025-03-10 05:09:47,ARCADE,342,1
2025-03-10 05:09:47,SUPER_SMASH,5,1
2025-03-10 05:09:47,BUILD_BATTLE,240,1
2025-03-10 05:09:47,HOUSING,786,1
2025-03-10 05:09:47,UHC,29,1
2025-03-10 05:09:47,WOOL_GAMES,63,1
2025-03-10 05:09:47,SPEED_UHC,0,1
2025-03-10 05:09:47,SURVIVAL_GAMES,12,1
2025-03-10 05:09:47,SKYBLOCK,11117,1
2025-03-10 05:09:47,MCGO,19,1
2025-03-10 05:09:47,REPLAY,25,1
2025-03-10 05:09:47,DUELS,289,1
2025-03-10 05:09:47,SKYWARS,225,1
2025-03-10 05:09:47,LIMBO,187,1
2025-03-10 05:09:47,IDLE,954,1
2025-03-10 05:09:47,QUEUE,0,1
2025-03-10 06:13:40,MAIN_LOBBY,111,1
2025-03-10 06:13:40,TOURNAMENT_LOBBY,0,1
2025-03-10 06:13:40,SMP,563,1
2025-03-10 06:13:40,MURDER_MYSTERY,154,1
2025-03-10 06:13:40,TNTGAMES,104,1
2025-03-10 06:13:40,BEDWARS,1577,1
2025-03-10 06:13:40,BATTLEGROUND,1,1
2025-03-10 06:13:40,PIT,143,1
2025-03-10 06:13:40,PROTOTYPE,175,1
2025-03-10 06:13:40,LEGACY,7,1
2025-03-10 06:13:40,WALLS3,47,1
2025-03-10 06:13:40,ARCADE,269,1
2025-03-10 06:13:40,SUPER_SMASH,3,1
2025-03-10 06:13:40,BUILD_BATTLE,194,1
2025-03-10 06:13:40,HOUSING,778,1
2025-03-10 06:13:40,UHC,12,1
2025-03-10 06:13:40,WOOL_GAMES,62,1
2025-03-10 06:13:40,SPEED_UHC,0,1
2025-03-10 06:13:40,SURVIVAL_GAMES,16,1
2025-03-10 06:13:40,SKYBLOCK,10408,1
2025-03-10 06:13:40,MCGO,29,1
2025-03-10 06:13:40,REPLAY,18,1
2025-03-10 06:13:40,DUELS,207,1
2025-03-10 06:13:40,SKYWARS,156,1
2025-03-10 06:13:40,LIMBO,223,1
2025-03-10 06:13:40,IDLE,989,1
2025-03-10 06:13:40,QUEUE,0,1
