timestamp,player_count
2025-02-27 20:57:06,37276
2025-02-27 21:10:06,36827
2025-02-27 22:10:53,34534
2025-02-27 23:10:41,31732
2025-02-28 00:51:59,29549
2025-02-28 02:16:20,29023
2025-02-28 03:19:20,27341
2025-02-28 04:13:43,25485
2025-02-28 05:11:31,23413
2025-02-28 06:15:04,20564
2025-02-28 07:11:10,20331
2025-02-28 08:14:15,20372
2025-02-28 09:11:36,21073
2025-02-28 10:11:59,22164
2025-02-28 11:09:17,23933
2025-02-28 12:20:08,26674
2025-02-28 13:18:41,30227
2025-02-28 14:10:25,32845
2025-02-28 15:11:17,34937
2025-02-28 16:13:18,36270
2025-02-28 17:09:41,37329
2025-02-28 18:14:39,38378
2025-02-28 19:09:16,38903
2025-02-28 20:12:07,40989
2025-02-28 21:09:47,42384
2025-02-28 22:10:01,41847
2025-02-28 23:10:03,38208
2025-03-01 00:56:09,34106
2025-03-01 02:21:24,33327
2025-03-01 03:24:21,32941
2025-03-01 04:12:53,31882
2025-03-01 05:10:35,30492
2025-03-01 06:14:29,28221
2025-03-01 07:09:31,26489
2025-03-01 08:13:10,26173
2025-03-01 09:10:23,27697
2025-03-01 10:10:40,29792
2025-03-01 11:08:13,32270
2025-03-01 12:18:12,35407
2025-03-01 13:14:35,38029
2025-03-01 14:08:55,40223
2025-03-01 15:10:01,41914
2025-03-01 16:11:27,43996
2025-03-01 17:08:27,45681
2025-03-01 18:13:02,46658
2025-03-01 19:07:34,48395
2025-03-01 20:10:40,49654
2025-03-01 21:08:53,49510
2025-03-01 22:08:58,47387
2025-03-01 23:11:23,43160
2025-03-02 00:55:18,37339
2025-03-02 02:19:33,35747
2025-03-02 03:20:52,34790
2025-03-02 04:12:39,33705
2025-03-02 05:11:11,32028
2025-03-02 06:14:30,29466
2025-03-02 07:09:30,27865
2025-03-02 08:12:49,27321
2025-03-02 09:10:17,28209
2025-03-02 10:10:25,30532
2025-03-02 11:08:50,33503
2025-03-02 16:12:37,44036
2025-03-02 17:08:16,46415
2025-03-02 18:13:22,48612
2025-03-02 19:07:49,49915
2025-03-02 20:10:54,50291
2025-03-02 21:09:36,47289
2025-03-02 22:09:35,43027
2025-03-02 23:10:13,38044
2025-03-03 00:53:48,33353
2025-03-03 02:17:52,31273
2025-03-03 03:21:37,28982
2025-03-03 04:14:24,26477
2025-03-03 05:11:36,24262
2025-03-03 06:16:26,21137
2025-03-03 07:11:46,19670
2025-03-03 08:15:29,19348
2025-03-03 09:12:57,19721
2025-03-03 10:12:17,20595
2025-03-03 11:09:24,21988
2025-03-03 12:20:52,24619
2025-03-03 13:20:07,26899
2025-03-03 14:11:20,29038
2025-03-03 15:11:41,30989
2025-03-03 16:13:41,33529
2025-03-03 17:09:53,36015
2025-03-03 18:14:41,38087
2025-03-03 20:43:22,39850
2025-03-03 20:52:17,39564
2025-03-03 21:10:08,38749
2025-03-04 14:14:37,28963
2025-03-04 15:11:42,30648
2025-03-04 16:13:42,32918
2025-03-04 17:10:06,34786
2025-03-04 18:14:59,37011
2025-03-04 19:08:31,37884
2025-03-04 20:11:53,38184
2025-03-04 21:10:23,37169
2025-03-04 22:10:10,34332
2025-03-04 23:10:09,31152
2025-03-05 00:52:56,29235
2025-03-05 02:16:57,28522
2025-03-05 03:20:07,26266
2025-03-05 04:13:26,24182
2025-03-05 05:11:12,21953
2025-03-05 06:15:38,19788
2025-03-05 07:11:07,18697
2025-03-05 08:14:48,18169
2025-03-05 09:11:55,18790
2025-03-05 10:12:03,19968
2025-03-05 11:09:33,21151
2025-03-05 12:20:40,23734
2025-03-05 13:19:51,26580
2025-03-05 14:10:42,28817
2025-03-05 15:12:10,31046
2025-03-05 16:18:27,33063
2025-03-05 17:10:20,34634
2025-03-05 18:15:57,36436
2025-03-05 19:08:53,37634
2025-03-05 20:12:24,37813
2025-03-05 21:10:24,36718
2025-03-05 22:10:27,34055
2025-03-05 23:11:07,30667
2025-03-06 00:52:40,28543
2025-03-06 02:17:08,27738
2025-03-06 03:20:54,25708
2025-03-06 04:13:28,23638
2025-03-06 05:11:36,21326
2025-03-06 06:15:46,19033
2025-03-06 07:10:52,17852
2025-03-06 08:14:26,17528
2025-03-06 09:11:56,17449
2025-03-06 10:12:05,18953
2025-03-06 11:09:27,19983
2025-03-06 12:20:50,22046
2025-03-06 13:19:49,24597
2025-03-06 14:10:33,26549
2025-03-06 15:11:33,28585
2025-03-06 16:13:23,30905
2025-03-06 17:10:04,32962
2025-03-06 18:14:44,34895
2025-03-06 19:08:44,36069
2025-03-06 20:12:02,36931
2025-03-06 21:10:27,35949
2025-03-06 22:10:02,33312
2025-03-06 23:10:50,30203
2025-03-07 00:53:06,27920
2025-03-07 02:18:07,27388
2025-03-07 03:21:33,25819
2025-03-07 04:13:41,23867
2025-03-07 05:11:23,21686
2025-03-07 06:15:29,19684
2025-03-07 07:10:54,18635
2025-03-07 08:14:14,18421
2025-03-07 09:11:42,19129
2025-03-07 10:11:54,20615
2025-03-07 11:09:16,21891
2025-03-07 12:19:57,24380
2025-03-07 13:19:06,27707
2025-03-07 14:10:21,30679
2025-03-07 15:11:13,32483
2025-03-07 15:43:26,33971
2025-03-07 15:57:48,34548
2025-03-07 15:59:37,34589
2025-03-07 16:09:00,34705
2025-03-07 16:12:04,34755
2025-03-07 16:13:02,34771
2025-03-07 16:14:13,34788
2025-03-07 16:18:05,34759
2025-03-07 17:09:35,34696
2025-03-07 18:14:28,36256
2025-03-07 19:08:20,37747
2025-03-07 20:12:10,40250
2025-03-07 21:09:09,41118
2025-03-07 22:08:24,40125
2025-03-07 23:09:05,36467
2025-03-08 00:40:59,32653
2025-03-08 00:53:21,32580
2025-03-08 00:55:21,32568
2025-03-08 01:04:47,32184
2025-03-08 01:51:12,32506
2025-03-08 02:24:03,32172
2025-03-08 03:10:27,31644
2025-03-08 04:10:51,30497
2025-03-08 05:08:54,28930
2025-03-08 06:12:30,26756
2025-03-08 07:07:59,25211
2025-03-08 08:10:40,25218
2025-03-08 09:09:24,26239
2025-03-08 10:09:25,28247
2025-03-08 11:08:00,30173
2025-03-08 12:14:37,32139
2025-03-08 13:09:48,34334
2025-03-08 14:07:34,36368
2025-03-08 15:08:04,37876
2025-03-08 16:10:40,40109
2025-03-08 17:08:15,41928
2025-03-08 18:11:29,43509
2025-03-08 19:08:33,45190
2025-03-08 20:08:29,46901
2025-03-08 21:08:28,46525
2025-03-08 22:08:24,44643
2025-03-08 23:09:32,40305
2025-03-09 00:45:10,35437
2025-03-09 01:57:40,33764
2025-03-09 02:30:37,33255
2025-03-09 03:10:35,33004
2025-03-09 04:10:22,32029
2025-03-09 05:08:23,30185
2025-03-09 06:12:00,12803
2025-03-09 07:08:39,21876
2025-03-09 08:11:43,23813
2025-03-09 09:08:22,25172
2025-03-09 10:09:05,27443
2025-03-09 11:07:36,29377
2025-03-09 12:14:50,32069
2025-03-09 13:09:45,34345
2025-03-09 14:08:23,36343
2025-03-09 15:08:51,31875
2025-03-09 16:10:17,38578
2025-03-09 17:07:37,42113
2025-03-09 18:10:50,44597
2025-03-09 19:06:31,46534
2025-03-09 20:09:03,46208
2025-03-09 21:09:09,42861
2025-03-09 22:08:36,38509
2025-03-09 23:08:33,34143
2025-03-10 00:43:45,31328
2025-03-10 01:59:25,29115
2025-03-10 02:33:39,27403
2025-03-10 04:11:23,18813
2025-03-10 05:09:47,17682
2025-03-10 06:13:40,15996
2025-03-10 07:10:49,15431
2025-03-10 08:12:48,15248
2025-03-10 09:10:26,15811
2025-03-10 10:10:36,16852
2025-03-10 11:07:50,18057
2025-03-10 12:21:03,20153
2025-03-10 13:20:54,23058
2025-03-10 14:11:26,25692
2025-03-10 15:12:43,28879
2025-03-10 16:11:20,31855
2025-03-10 17:10:42,34478
2025-03-10 18:13:55,35782
2025-03-10 19:10:16,37330
2025-03-10 20:12:22,38782
2025-03-10 21:10:05,36498
2025-03-10 22:10:14,32478
2025-03-10 23:10:10,29697
2025-03-11 00:53:12,28384
2025-03-11 02:18:01,25791
2025-03-11 03:22:04,23353
2025-03-11 04:13:20,21260
2025-03-11 05:11:35,19061
2025-03-11 06:15:51,16969
2025-03-11 07:11:00,16176
2025-03-11 08:14:37,16247
2025-03-11 09:12:14,16679
2025-03-11 10:12:29,17673
2025-03-11 11:09:35,18836
2025-03-11 12:21:25,21191
2025-03-11 13:20:49,23986
2025-03-11 14:11:28,26483
2025-03-11 15:12:14,28954
2025-03-11 16:13:59,31422
2025-03-11 17:10:00,33879
2025-03-11 18:15:27,36064
2025-03-11 19:08:46,37341
2025-03-11 20:12:17,39064
2025-03-11 21:08:42,37435
2025-03-11 22:09:57,32645
2025-03-11 23:10:12,29658
2025-03-12 00:52:32,27412
2025-03-12 02:16:52,25273
2025-03-12 03:20:57,23093
2025-03-12 04:13:22,20884
2025-03-12 05:11:20,18518
2025-03-12 06:15:41,16767
2025-03-12 07:10:59,15707
2025-03-12 08:15:08,15983
2025-03-12 09:11:52,16376
2025-03-12 10:11:55,17375
2025-03-12 11:09:26,18376
2025-03-12 12:20:50,20567
2025-03-12 13:20:38,23797
2025-03-12 14:11:05,27041
2025-03-12 15:12:00,29460
2025-03-12 16:14:02,31791
2025-03-12 17:10:15,34077
2025-03-12 18:15:34,35539
2025-03-12 19:08:42,37354
2025-03-12 20:12:19,24296
2025-03-12 21:10:06,32487
2025-03-12 22:10:14,29929
2025-03-12 23:10:52,27748
2025-03-13 00:53:16,26271
2025-03-13 02:18:48,24388
2025-03-13 03:22:46,22077
2025-03-13 04:13:27,20160
2025-03-13 05:11:31,18180
2025-03-13 06:15:47,16377
2025-03-13 07:10:43,15634
2025-03-13 08:15:34,15683
2025-03-13 09:11:45,16278
2025-03-13 10:12:17,17304
2025-03-13 11:09:48,18375
2025-03-13 12:21:22,20519
2025-03-13 13:20:52,23447
2025-03-13 14:10:55,26213
2025-03-13 15:12:32,28789
2025-03-13 16:13:42,31685
2025-03-13 17:08:31,33682
2025-03-13 18:14:58,35435
2025-03-13 19:08:41,37059
2025-03-13 20:12:16,37679
2025-03-13 21:10:04,35523
2025-03-13 22:10:05,31856
2025-03-13 23:10:36,29104
2025-03-14 00:52:34,27298
2025-03-14 02:17:05,25438
2025-03-14 03:22:09,23418
2025-03-14 04:13:12,21395
2025-03-14 05:11:03,19670
2025-03-14 06:15:21,17711
2025-03-14 07:11:10,16809
2025-03-14 08:14:16,16662
2025-03-14 09:12:08,17372
2025-03-14 10:11:49,18775
2025-03-14 11:09:11,20775
2025-03-14 12:20:10,23638
2025-03-14 13:18:46,27226
2025-03-14 14:10:10,30615
2025-03-14 15:11:09,32842
2025-03-14 16:13:11,34928
2025-03-14 17:09:03,35961
2025-03-14 18:14:32,37247
2025-03-14 19:09:42,39067
2025-03-14 20:11:56,41383
2025-03-14 21:10:35,41665
2025-03-14 22:09:57,39537
2025-03-14 23:10:39,35871
2025-03-15 00:52:06,32329
2025-03-15 02:15:12,30787
2025-03-15 03:18:46,29478
2025-03-15 04:12:47,27786
2025-03-15 05:10:27,25477
2025-03-15 06:14:05,23186
2025-03-15 07:09:49,22528
2025-03-15 08:13:01,23203
2025-03-15 09:10:17,25080
2025-03-15 10:10:34,27661
2025-03-15 11:08:12,29810
2025-03-15 12:18:11,32821
2025-03-15 13:14:55,35739
2025-03-15 14:09:37,38243
2025-03-15 15:09:37,40086
2025-03-15 16:11:33,42190
2025-03-15 17:08:28,43204
2025-03-15 18:13:33,44403
2025-03-15 19:07:53,45615
2025-03-15 20:10:47,46897
2025-03-15 21:10:12,46631
2025-03-15 22:10:29,43486
2025-03-15 23:09:46,39497
2025-03-16 01:29:52,33714
2025-03-16 02:25:00,32702
2025-03-16 03:25:45,31126
2025-03-16 04:13:04,29266
2025-03-16 05:10:24,26768
2025-03-16 06:13:50,24486
2025-03-16 07:09:48,23630
2025-03-16 08:13:00,23879
2025-03-16 09:10:11,25460
2025-03-16 10:10:24,28107
2025-03-16 11:09:29,30756
2025-03-16 12:18:26,33568
2025-03-16 13:16:35,36177
2025-03-16 14:08:51,37837
2025-03-16 15:09:42,39762
2025-03-16 16:11:29,42224
2025-03-16 17:08:50,43998
2025-03-16 18:13:57,45695
2025-03-16 19:08:08,46454
2025-03-16 20:10:40,45918
2025-03-16 21:09:12,42318
2025-03-16 22:09:33,37435
2025-03-16 23:09:39,33121
2025-03-17 00:55:05,29698
2025-03-17 02:21:04,26529
2025-03-17 03:25:06,23526
2025-03-17 04:13:59,21425
2025-03-17 05:11:50,19146
2025-03-17 06:16:22,17323
2025-03-17 07:11:47,16506
2025-03-17 08:15:53,15994
2025-03-17 09:13:18,16567
2025-03-17 10:12:35,17247
2025-03-17 11:09:24,18042
2025-03-17 12:21:16,20160
2025-03-17 13:21:19,23249
2025-03-17 14:11:31,25669
2025-03-17 15:11:53,28882
2025-03-17 16:14:37,31757
2025-03-17 17:10:19,34156
2025-03-17 18:15:34,36325
2025-03-17 19:09:03,37721
2025-03-17 20:12:14,38756
2025-03-17 21:10:11,36486
2025-03-17 22:10:50,32727
2025-03-17 23:10:44,30270
2025-03-18 03:05:32,23291
2025-03-18 03:24:17,22600
2025-03-18 04:13:36,20571
2025-03-18 05:11:42,18393
2025-03-18 06:15:49,16658
2025-03-18 07:11:45,15969
2025-03-18 08:14:55,15456
2025-03-18 09:12:16,15985
2025-03-18 10:11:59,15490
2025-03-18 10:45:21,12182
2025-03-18 11:09:30,10816
2025-03-18 12:21:12,11056
2025-03-18 12:55:01,11736
2025-03-18 13:20:54,12656
2025-03-18 14:11:11,14653
2025-03-18 14:58:37,19106
2025-03-18 15:12:22,21348
2025-03-18 15:38:54,23916
2025-03-18 16:14:06,31490
2025-03-18 17:10:21,36502
2025-03-18 18:13:23,37652
2025-03-18 18:15:30,37728
2025-03-18 19:08:54,39194
2025-03-18 20:11:16,40562
2025-03-18 21:09:57,38444
2025-03-18 22:10:34,34155
2025-03-18 23:10:29,31050
2025-03-19 00:53:40,28522
2025-03-19 02:19:27,26141
2025-03-19 03:23:58,23616
2025-03-19 04:13:11,21711
2025-03-19 05:11:31,19616
2025-03-19 06:15:59,17639
2025-03-19 07:10:59,16826
2025-03-19 08:15:11,16725
2025-03-19 09:12:29,17102
2025-03-19 10:12:41,18095
2025-03-19 11:09:28,18976
2025-03-19 12:21:02,21889
2025-03-19 13:21:10,25215
2025-03-19 14:11:17,28093
2025-03-19 15:11:56,30983
2025-03-19 16:13:44,34068
2025-03-19 17:10:44,35621
2025-03-19 18:15:58,36549
2025-03-19 19:09:01,38114
2025-03-19 20:12:36,39077
2025-03-19 21:10:03,36836
2025-03-19 22:10:14,33054
2025-03-19 23:11:45,28971
2025-03-20 00:52:46,27757
2025-03-20 02:18:24,25491
2025-03-20 03:22:41,23235
2025-03-20 04:13:34,20940
2025-03-20 05:11:27,18768
2025-03-20 06:15:56,17268
2025-03-20 07:11:14,16276
2025-03-20 08:14:45,16103
2025-03-20 09:11:49,16573
2025-03-20 10:12:05,17485
2025-03-20 11:09:38,18477
2025-03-20 12:21:27,20384
2025-03-20 13:20:07,23202
2025-03-20 14:11:11,26041
2025-03-20 15:12:20,28524
2025-03-20 16:14:15,31380
2025-03-20 17:10:32,33507
2025-03-20 18:15:38,35197
2025-03-20 19:08:54,37239
2025-03-20 20:12:11,38365
2025-03-20 21:10:13,36387
2025-03-20 22:10:19,32718
2025-03-20 23:10:43,30419
2025-03-21 00:54:02,27944
2025-03-21 02:20:16,25197
2025-03-21 03:24:47,23336
2025-03-21 04:13:32,21739
2025-03-21 05:11:17,19627
2025-03-21 06:17:45,17813
2025-03-21 07:11:19,17249
2025-03-21 08:14:30,17164
2025-03-21 09:11:41,17756
2025-03-21 10:11:48,19028
2025-03-21 11:09:46,20232
2025-03-21 12:20:42,23021
2025-03-21 13:20:17,26599
2025-03-21 14:10:31,29557
2025-03-21 15:11:19,31582
2025-03-21 16:13:55,33684
2025-03-21 17:10:13,35305
2025-03-21 18:14:53,36216
2025-03-21 19:08:07,38110
2025-03-21 20:12:02,41272
2025-03-21 21:09:50,41751
2025-03-21 22:10:29,39628
2025-03-21 23:10:19,36238
2025-03-22 00:52:19,32067
2025-03-22 02:16:39,30922
2025-03-22 03:24:24,29349
2025-03-22 04:13:10,27559
2025-03-22 05:10:37,25335
2025-03-22 06:14:10,23331
2025-03-22 07:10:22,22629
2025-03-22 08:13:01,23415
2025-03-22 09:11:27,25515
2025-03-22 10:11:16,27967
2025-03-22 11:08:41,30242
2025-03-22 12:18:10,32694
2025-03-22 13:15:24,35604
2025-03-22 14:10:51,37938
2025-03-22 15:09:21,39911
2025-03-22 16:11:44,41809
2025-03-22 17:08:31,42517
2025-03-22 18:13:28,44134
2025-03-22 19:08:22,45540
2025-03-22 20:11:09,46721
2025-03-22 21:09:11,46037
2025-03-22 22:09:38,43475
2025-03-22 23:10:37,39490
2025-03-23 00:57:43,34788
2025-03-23 02:28:04,33090
2025-03-23 03:28:03,32232
2025-03-23 04:13:08,30956
2025-03-23 05:10:23,27317
2025-03-23 06:14:17,24695
2025-03-23 07:09:54,23617
2025-03-23 08:13:11,24126
2025-03-23 09:10:09,26067
2025-03-23 10:10:34,28977
2025-03-23 11:09:04,31255
2025-03-23 12:19:03,34392
2025-03-23 13:16:03,36935
2025-03-23 14:08:58,39013
2025-03-23 15:09:53,41605
2025-03-23 16:11:50,43577
2025-03-23 17:08:46,45344
2025-03-23 18:13:18,47105
2025-03-23 19:09:08,48415
2025-03-23 20:11:23,47229
2025-03-23 21:09:16,43467
2025-03-23 22:10:06,38883
2025-03-23 23:09:40,34450
2025-03-24 00:55:44,30908
2025-03-24 02:24:48,27109
2025-03-24 03:29:38,24101
2025-03-24 04:13:53,22201
2025-03-24 05:11:48,19759
2025-03-24 06:16:45,17870
2025-03-24 07:11:47,16939
2025-03-24 08:15:55,16905
2025-03-24 09:12:47,17490
2025-03-24 10:12:49,18290
2025-03-24 11:09:46,18998
2025-03-24 12:22:10,21076
2025-03-24 13:21:43,24019
2025-03-24 14:11:25,27103
2025-03-24 15:12:31,29816
2025-03-24 16:14:51,33106
2025-03-24 17:10:32,35652
2025-03-24 18:15:49,37477
2025-03-24 19:09:06,39621
2025-03-24 20:11:22,41319
2025-03-24 21:10:04,38541
2025-03-25 01:10:46,28381
2025-03-25 02:21:01,25806
2025-03-25 03:26:22,23102
2025-03-25 04:13:49,21226
2025-03-25 05:12:18,19109
2025-03-25 06:16:20,17341
2025-03-25 07:11:58,16424
2025-03-25 08:15:30,16540
2025-03-25 09:12:03,17091
2025-03-25 10:12:07,18092
2025-03-25 11:10:04,19010
2025-03-25 12:21:15,20795
2025-03-25 13:21:52,23824
2025-03-25 14:11:52,26348
2025-03-25 15:12:05,28851
2025-03-25 16:12:31,31569
2025-03-25 17:10:30,33353
2025-03-25 18:15:29,35159
2025-03-25 19:09:18,35964
2025-03-25 20:12:20,37509
2025-03-25 21:10:21,35758
2025-03-26 00:17:35,28303
2025-03-26 00:54:01,27667
2025-03-26 02:20:14,25310
2025-03-26 03:24:52,23670
2025-03-26 04:13:35,21458
2025-03-26 05:11:29,19369
2025-03-26 06:15:53,17414
2025-03-26 07:11:27,16424
2025-03-26 08:15:02,16119
2025-03-26 09:12:10,16976
2025-03-26 10:12:10,18134
2025-03-26 11:09:31,19006
2025-03-26 12:21:10,21392
2025-03-26 13:21:55,25057
2025-03-26 14:11:42,28051
2025-03-26 15:12:31,34075
2025-03-26 16:14:42,38723
2025-03-26 17:10:29,39480
2025-03-26 18:15:50,36047
2025-03-26 19:09:22,36527
2025-03-26 20:12:32,37974
2025-03-26 21:10:14,35821
2025-03-26 22:10:13,32357
2025-03-26 23:10:39,29467
2025-03-27 00:53:46,28354
2025-03-27 02:20:24,30429
2025-03-27 03:26:55,27434
2025-03-27 04:13:37,22335
2025-03-27 05:11:38,19001
2025-03-27 06:15:52,17083
2025-03-27 07:11:48,16306
2025-03-27 08:14:45,16032
2025-03-27 09:12:32,16459
2025-03-27 10:12:06,17496
2025-03-27 11:09:32,18956
2025-03-27 12:21:50,25123
2025-03-27 13:21:08,27870
2025-03-27 14:11:15,29908
2025-03-27 15:12:19,28546
2025-03-27 16:14:20,30729
2025-03-27 17:10:10,32890
2025-03-27 18:15:29,34886
2025-03-27 19:09:09,35893
2025-03-27 20:12:20,37379
2025-03-27 21:10:45,35889
2025-03-27 22:10:22,36189
2025-03-27 23:11:19,35597
2025-03-28 00:53:53,29173
2025-03-28 02:21:43,25064
2025-03-28 03:27:03,23064
2025-03-28 04:13:36,21374
2025-03-28 05:11:32,15696
2025-03-28 06:16:09,17491
2025-03-28 07:11:39,17531
2025-03-28 08:14:53,18999
2025-03-28 09:11:58,21605
2025-03-28 10:12:02,22446
2025-03-28 11:09:38,21670
2025-03-28 12:20:39,22969
2025-03-28 13:20:29,26460
2025-03-28 14:11:06,29278
2025-03-28 15:11:20,31545
2025-03-28 16:13:44,33194
2025-03-28 17:10:28,34504
2025-03-28 18:15:43,36193
2025-03-28 19:09:23,38242
2025-03-28 20:12:37,41012
2025-03-28 21:09:57,41416
2025-03-28 22:10:33,39183
2025-03-28 23:10:31,36095
2025-03-29 00:53:26,32495
2025-03-29 02:18:33,30605
2025-03-29 03:23:20,29172
2025-03-29 04:13:52,27884
2025-03-29 05:10:31,25426
2025-03-29 06:14:19,23574
2025-03-29 07:09:59,22412
2025-03-29 08:13:14,23214
2025-03-29 09:10:22,25130
2025-03-29 10:10:33,27320
2025-03-29 11:08:11,29397
2025-03-29 12:18:56,32709
2025-03-29 13:17:05,35589
2025-03-29 14:10:11,37667
2025-03-29 15:11:30,39894
2025-03-29 16:12:05,41643
2025-03-29 17:08:48,42414
2025-03-29 18:13:33,43427
2025-03-29 19:08:17,44697
2025-03-29 20:10:53,45806
2025-03-29 21:09:29,45787
2025-03-29 22:09:39,43045
2025-03-29 23:09:52,39662
2025-03-30 00:58:34,35069
2025-03-30 02:38:06,31751
2025-03-30 03:31:46,30311
2025-03-30 04:12:36,28045
2025-03-30 05:10:40,26796
2025-03-30 06:14:39,24815
2025-03-30 07:10:43,23673
2025-03-30 08:13:15,24351
2025-03-30 09:10:29,26553
2025-03-30 10:10:29,28806
2025-03-30 11:09:40,30732
2025-03-30 15:14:09,40634
2025-03-30 16:12:15,42648
2025-03-30 17:08:51,44665
2025-03-30 18:13:41,46388
2025-03-30 19:08:38,46541
2025-03-30 20:11:34,43605
2025-03-30 21:10:18,39576
2025-03-30 22:09:53,35006
2025-03-30 23:09:43,31551
2025-03-31 00:57:26,29703
2025-03-31 02:28:16,27040
2025-03-31 03:31:57,24261
2025-03-31 04:14:06,22324
2025-03-31 05:12:09,19972
2025-03-31 06:16:53,18215
2025-03-31 07:12:11,17721
2025-03-31 08:16:28,17606
2025-03-31 09:13:03,18471
2025-03-31 10:12:45,19147
2025-03-31 11:10:24,20344
2025-03-31 12:21:45,23414
2025-03-31 13:22:05,26940
2025-03-31 14:11:28,29456
2025-03-31 15:12:13,32346
2025-03-31 20:12:59,35927
2025-03-31 21:10:42,32988
2025-03-31 22:11:16,29529
2025-03-31 23:10:48,27934
2025-04-01 01:01:07,27121
2025-04-01 03:07:19,23259
2025-04-01 04:14:34,21093
2025-04-01 05:12:12,19341
2025-04-01 06:16:55,17647
2025-04-01 07:12:06,17030
2025-04-01 08:15:47,17151
2025-04-01 09:12:55,17902
2025-04-01 10:12:54,18555
2025-04-01 11:09:59,20075
2025-04-01 12:22:12,24762
2025-04-01 13:22:54,27669
2025-04-01 14:11:30,29542
2025-04-01 15:12:33,32130
2025-04-01 16:13:06,33758
2025-04-01 17:10:25,34496
2025-04-01 18:14:45,35280
2025-04-01 19:09:23,35513
2025-04-01 20:12:57,33917
2025-04-01 21:10:40,30838
2025-04-01 22:11:00,28068
2025-04-01 23:10:51,26888
2025-04-02 00:55:03,26210
2025-04-02 02:22:44,24220
2025-04-02 03:27:53,22190
2025-04-02 04:13:36,20532
2025-04-02 05:13:01,18579
2025-04-02 06:16:29,17055
2025-04-02 07:12:00,16620
2025-04-02 08:15:46,16869
2025-04-02 09:12:08,17586
2025-04-02 10:12:16,18405
2025-04-02 11:09:33,20171
2025-04-02 12:21:55,24067
2025-04-02 13:22:04,26444
2025-04-02 14:11:16,27952
2025-04-02 15:12:06,30541
2025-04-02 16:14:17,32127
2025-04-02 17:10:02,33221
2025-04-02 18:15:32,34629
2025-04-02 20:12:24,33855
2025-04-02 21:10:31,30721
2025-04-02 22:10:29,28107
2025-04-02 23:10:34,26801
2025-04-03 00:54:25,26366
2025-04-03 02:21:31,24201
2025-04-03 03:27:10,22200
2025-04-03 04:13:55,20496
2025-04-03 05:12:01,18657
2025-04-03 06:16:40,17402
2025-04-03 07:11:47,16897
2025-04-03 08:15:30,16996
2025-04-03 09:12:33,17562
2025-04-03 10:12:02,18581
2025-04-03 11:10:56,19927
2025-04-03 12:21:24,23109
2025-04-03 13:21:36,26388
2025-04-03 14:11:29,28311
2025-04-03 15:11:14,30598
2025-04-03 16:13:44,32290
2025-04-03 17:10:16,32783
2025-04-03 18:15:24,33913
2025-04-03 19:09:19,34568
2025-04-03 20:12:20,33665
2025-04-03 21:10:35,31158
2025-04-03 22:10:25,28320
2025-04-03 23:11:49,26697
2025-04-04 00:54:02,26405
2025-04-04 02:21:07,25025
2025-04-04 03:26:35,23720
2025-04-04 04:13:38,22181
2025-04-04 05:11:23,20059
2025-04-04 06:16:01,18662
2025-04-04 07:11:26,18345
2025-04-04 08:15:23,18480
2025-04-04 09:12:16,19052
2025-04-04 10:12:07,20075
2025-04-04 11:09:51,21822
2025-04-04 12:21:01,25711
2025-04-04 13:21:04,29091
2025-04-04 14:10:55,30998
2025-04-04 15:11:40,32138
2025-04-04 16:13:26,32861
2025-04-04 17:10:10,33151
2025-04-04 18:15:11,33773
2025-04-04 19:09:13,36092
2025-04-04 20:12:12,37854
2025-04-04 21:10:06,36804
2025-04-04 22:10:34,33343
2025-04-04 23:10:43,30097
2025-04-05 00:53:24,28477
2025-04-05 02:18:54,28250
2025-04-05 03:24:34,27825
2025-04-05 04:13:10,26443
2025-04-05 05:12:01,24974
2025-04-05 06:14:27,23956
2025-04-05 07:10:10,23796
2025-04-05 08:13:11,24904
2025-04-05 09:10:29,26956
2025-04-05 10:10:24,28692
2025-04-05 11:08:37,30019
2025-04-05 12:18:55,33412
2025-04-05 13:17:18,35431
2025-04-05 14:09:09,37195
2025-04-05 15:09:43,39439
2025-04-05 16:11:51,41661
2025-04-05 17:08:46,42361
2025-04-06 01:01:57,30879
2025-04-06 02:35:08,29918
2025-04-06 03:29:03,29610
2025-04-06 04:13:06,28349
2025-04-06 05:10:58,26648
2025-04-06 06:14:44,25136
2025-04-06 07:10:04,25265
2025-04-06 08:12:58,26444
2025-04-06 09:10:20,28111
2025-04-06 10:11:29,30376
2025-04-06 11:08:38,31976
2025-04-06 12:18:52,35534
2025-04-06 13:18:02,37282
2025-04-06 14:09:28,38822
2025-04-06 15:09:46,40658
2025-04-06 16:12:13,43267
2025-04-06 17:09:00,47033
2025-04-06 18:13:53,47607
2025-04-06 19:08:08,47243
2025-04-06 20:11:28,43800
2025-04-06 21:09:50,39282
2025-04-06 22:09:50,35094
2025-04-06 23:10:06,32185
2025-04-07 00:56:30,29850
2025-04-07 10:13:24,20161
2025-04-07 11:10:09,21484
2025-04-07 12:22:24,24396
2025-04-07 13:22:39,27514
2025-04-07 14:11:38,29916
2025-04-07 15:12:03,32574
2025-04-07 16:12:53,34952
2025-04-07 17:10:30,35111
2025-04-07 18:15:35,36049
2025-04-07 19:09:06,36873
2025-04-07 20:12:48,35421
2025-04-07 21:10:41,33019
2025-04-07 22:10:54,30130
2025-04-07 23:10:38,28699
2025-04-08 00:54:20,27738
2025-04-08 02:21:58,25670
2025-04-08 03:27:26,22618
2025-04-08 04:13:49,20750
2025-04-08 05:11:35,19148
2025-04-08 06:16:35,17552
2025-04-08 07:11:49,17286
2025-04-08 08:16:10,17878
2025-04-08 09:12:45,18695
2025-04-08 11:10:01,21528
2025-04-08 12:21:59,24645
2025-04-08 13:22:48,27786
2025-04-08 14:12:26,30149
2025-04-08 15:12:34,31714
2025-04-08 16:14:10,32987
2025-04-08 17:10:25,34297
2025-04-08 18:14:57,36133
2025-04-08 19:10:03,36324
2025-04-08 20:12:08,35073
2025-04-08 21:10:40,32693
2025-04-08 22:10:43,29882
2025-04-08 23:10:53,27801
2025-04-09 00:54:36,27712
2025-04-09 02:22:55,25247
2025-04-09 03:28:01,22955
2025-04-09 04:13:57,21055
2025-04-09 05:11:42,18897
2025-04-09 06:16:53,17280
2025-04-09 07:11:46,17487
2025-04-09 08:16:18,18452
2025-04-09 09:12:52,18968
2025-04-09 10:14:11,18271
2025-04-09 11:10:04,13315
2025-04-09 12:22:00,14522
2025-04-09 13:23:12,16343
2025-04-09 14:12:14,18996
2025-04-09 15:14:07,20806
2025-04-09 16:14:11,30421
2025-04-09 17:10:30,34558
2025-04-09 18:15:47,36406
2025-04-09 19:09:28,36622
2025-04-09 20:12:44,35419
2025-04-09 21:09:43,32912
2025-04-09 22:10:46,29967
2025-04-09 23:10:37,28220
2025-04-10 00:54:42,27016
2025-04-10 02:22:03,25083
2025-04-10 03:28:33,22639
2025-04-10 04:14:18,21158
2025-04-10 05:12:17,19233
2025-04-10 06:16:46,17674
2025-04-10 07:11:40,17228
2025-04-10 08:15:24,17939
2025-04-10 09:12:29,19227
2025-04-10 10:12:33,20839
2025-04-10 15:12:34,33057
2025-04-10 16:14:02,34389
2025-04-10 17:10:32,35215
2025-04-10 18:15:41,36698
2025-04-10 19:09:18,37518
2025-04-10 20:12:50,34059
2025-04-10 21:10:47,33666
2025-04-10 22:10:54,30975
2025-04-10 23:11:05,28778
2025-04-11 00:55:11,27823
2025-04-11 02:22:36,25974
2025-04-11 03:28:17,23887
2025-04-11 04:14:01,21949
2025-04-11 05:12:05,19927
2025-04-11 06:16:34,18305
2025-04-11 07:11:40,18196
2025-04-11 08:15:30,19079
2025-04-11 09:12:18,20536
2025-04-11 10:11:51,22344
2025-04-11 11:09:56,24561
2025-04-11 12:21:45,28577
2025-04-11 13:21:20,32327
2025-04-11 14:11:20,34314
2025-04-12 02:19:25,31344
2025-04-12 03:25:15,30445
2025-04-12 04:13:17,28782
2025-04-12 05:10:45,26994
2025-04-12 06:14:22,25418
2025-04-12 07:09:52,25143
2025-04-12 08:13:16,26382
2025-04-12 09:11:04,28390
2025-04-12 10:10:19,29992
2025-04-12 11:08:30,31735
2025-04-12 12:18:42,34757
2025-04-12 13:17:00,37135
2025-04-12 14:09:11,39368
2025-04-12 15:09:54,41316
2025-04-12 16:12:20,42979
2025-04-12 17:08:58,43294
2025-04-12 18:13:35,45777
2025-04-12 19:09:23,48087
2025-04-12 20:11:15,49253
2025-04-12 21:10:00,44767
2025-04-12 22:09:28,40711
2025-04-12 23:10:08,36499
2025-04-13 12:19:37,36875
2025-04-13 13:19:58,39256
2025-04-13 14:09:33,41023
2025-04-13 15:10:25,42664
2025-04-13 16:12:47,44624
2025-04-13 17:09:13,46749
2025-04-13 18:14:23,49614
2025-04-13 19:08:20,50491
2025-04-13 20:11:28,48508
2025-04-13 21:10:01,44781
2025-04-13 22:10:02,40139
2025-04-13 23:11:29,36309
2025-04-14 00:57:58,33251
2025-04-14 02:37:02,29398
2025-04-14 03:33:05,26704
2025-04-14 04:13:58,24637
2025-04-14 05:12:38,21804
2025-04-14 06:17:36,19605
2025-04-14 07:12:17,19610
2025-04-14 08:16:04,21028
2025-04-14 09:13:26,23137
2025-04-14 10:13:05,25232
2025-04-14 11:09:54,27814
2025-04-14 12:21:56,31447
2025-04-14 13:23:24,33431
2025-04-14 14:11:51,35005
2025-04-14 15:12:30,36401
2025-04-14 16:14:08,37315
2025-04-14 17:10:28,38773
2025-04-14 18:15:53,40408
2025-04-14 19:09:33,41774
2025-04-14 20:12:58,41243
2025-04-14 21:10:46,38900
2025-04-14 22:10:56,35672
2025-04-14 23:10:37,33081
2025-04-15 00:56:24,31406
2025-04-15 02:26:57,28904
2025-04-15 03:32:26,25896
2025-04-15 04:14:03,23808
2025-04-15 05:12:01,21474
2025-04-15 06:16:47,19435
2025-04-15 07:12:04,19330
2025-04-15 08:16:10,20749
2025-04-15 09:12:58,23037
2025-04-15 10:12:48,25635
2025-04-15 13:22:45,33605
2025-04-15 14:11:59,35469
2025-04-15 15:11:52,36639
2025-04-15 16:12:12,37859
2025-04-15 17:10:26,38917
2025-04-15 18:13:52,40442
2025-04-15 19:09:12,41577
2025-04-15 20:12:47,41153
2025-04-15 21:10:50,39321
2025-04-15 22:10:59,35543
2025-04-15 23:10:54,32812
2025-04-16 00:56:19,30734
2025-04-16 02:26:07,28598
2025-04-16 03:31:37,25795
2025-04-16 04:13:47,24005
2025-04-16 05:12:04,21601
2025-04-16 06:16:44,19667
2025-04-16 07:11:42,20072
2025-04-16 08:15:53,20934
2025-04-16 09:12:49,22804
2025-04-16 10:11:52,25137
2025-04-16 11:09:57,27420
2025-04-16 12:22:09,30782
2025-04-16 20:12:59,41079
2025-04-16 21:10:39,39440
2025-04-16 22:10:39,36861
2025-04-16 23:10:34,33702
2025-04-17 00:55:02,31399
2025-04-17 02:23:52,29552
2025-04-17 03:30:20,26799
2025-04-17 04:13:58,24674
2025-04-17 05:11:50,21954
2025-04-17 06:16:43,20311
2025-04-17 07:12:09,20224
2025-04-17 08:15:47,21984
2025-04-17 09:12:34,24277
2025-04-17 10:12:41,26802
2025-04-17 11:09:26,28848
2025-04-17 12:21:33,32521
2025-04-17 13:21:52,34785
2025-04-17 14:11:14,36854
2025-04-17 15:11:56,36363
2025-04-17 16:14:15,37290
2025-04-17 17:10:11,38713
2025-04-17 18:15:40,40797
2025-04-17 19:09:08,42169
2025-04-17 20:12:24,43487
2025-04-17 21:10:55,42200
2025-04-17 22:10:24,38341
2025-04-17 23:10:47,35811
2025-04-18 00:54:34,33754
2025-04-18 02:20:59,32034
2025-04-18 03:27:54,29927
2025-04-18 04:13:48,27972
2025-04-18 05:12:02,25408
2025-04-18 06:16:32,23172
2025-04-18 07:11:36,22487
2025-04-18 08:15:02,24003
2025-04-18 09:12:05,26323
2025-04-18 10:12:10,29288
2025-04-18 11:09:33,32153
2025-04-18 12:20:50,35408
2025-04-18 13:20:05,38719
2025-04-18 14:10:22,40498
2025-04-18 15:11:38,42732
2025-04-18 17:10:05,45159
2025-04-18 18:15:02,46265
2025-04-18 19:08:49,47511
2025-04-18 20:12:11,48277
2025-04-18 21:10:19,46590
2025-04-18 22:10:36,41562
2025-04-18 23:11:04,37193
2025-04-19 00:53:05,33856
2025-04-19 02:17:57,33708
2025-04-19 03:23:41,33136
2025-04-19 04:13:00,31420
2025-04-19 05:10:42,29276
2025-04-19 06:14:54,26887
2025-04-19 07:09:50,26147
2025-04-19 08:13:27,26888
2025-04-19 09:10:31,28228
2025-04-19 10:10:44,30287
2025-04-19 11:09:43,32159
2025-04-19 12:18:48,35550
2025-04-19 13:17:17,38743
